Integer_ID	Participant_ID
0	P84022
1	Q13485
2	Q15796
3	P16220
4	P18848
5	P18846
6	O14746
7	URS00004A7003_9606
8	URS000075C8FA_9606
9	P16066
10	CHEBI:29035
11	CHEBI:29105
12	CHEBI:29108
13	P05109
14	P06702
15	P26678
16	P35228
17	Q15797
18	P08151
19	Q9UMX1
20	P52952
21	P35638
22	P49715
23	P17676
24	Q14457
25	Q6ZNE5
26	Q8NEB9
27	Q99570
28	Q9P2Y5
29	P20585
30	P43246
31	P13984
32	P35269
33	P52701
34	Q9Y6D9
35	Q13257
36	P01106
37	P61244
38	P09382
39	P05162
40	P01040
41	P07858
42	O15169
43	O95996
44	P48729
45	P49841
46	O15273
47	Q8WZ42
48	P53355
49	[P0DP23,P0DP24,P0DP25]
50	Q05195
51	P25054
52	P49840
53	O15392
54	P07359
55	P13224
56	P14770
57	P40197
58	Q53HL2
59	Q96GD4
60	Q9NQS7
61	P21333
62	P15309-PRO_0000023963
63	P05023
64	P05026
65	P54710
66	P01130
67	Q8NBP7-PRO_0000027120
68	Q8NBP7-PRO_0000027121
69	P07355
70	Q8NBP7
71	CHEBI:17489
72	Q9Y3Q4
73	P11441
74	P46379
75	Q7L5D6
76	P55072
77	Q8TAT6
78	Q92890
79	Q9UL51
80	P10070
81	P10071
82	P54274
83	Q15554
84	Q96AP0
85	Q9BSI4
86	Q9NUX5
87	Q9NYB0
88	P06400
89	Q01094
90	Q14186
91	P60510
92	Q9NY27
93	P17787-PRO_0000000379
94	P43681-PRO_0000000351
95	Q14209
96	P30532-PRO_0000000356
97	P32297-PRO_0000000346
98	Q09428
99	Q14654
100	O60706-1
101	O60706-2
102	O94817
103	Q676U5
104	Q9H1Y0
105	P30926-PRO_0000000389
106	Q15825-PRO_0000000360
107	O60563
108	P50750
109	Q9UGM1-PRO_0000000371
110	P36544-PRO_0000000366
111	O75909
112	Q9NYV4
113	P02708-PRO_0000000305
114	P11230-PRO_0000000315
115	Q04844-PRO_0000000329
116	Q07001
117	P28347
118	P46937
119	O60741
120	Q9UNZ2
121	Q9P1Z3
122	O95264
123	P46098
124	Q70Z44
125	A5X5Y0
126	Q8WXA8
127	Q05586
128	Q13224
129	Q14957
130	O15399
131	Q12879
132	Q07817-1
133	Q07820
134	Q13794
135	Q16531
136	Q92466
137	Q13323
138	Q92843
139	P37088
140	P51168
141	P51170
142	P51172
143	P35222
144	Q9UJU2
145	O60583-2
146	O60583-1
147	Q15131-1
148	Q8N1B3
149	O43633
150	Q7LBR1
151	Q8WUX9
152	Q96CF2
153	Q96FZ7
154	Q9BY43
155	Q9H444
156	Q9HD42
157	Q9NZZ3
158	Q9UQN3
159	Q9Y3E7
160	P24863
161	Q00526
162	O75351
163	Q9UN37
164	Q9UK58
165	Q9UQ88-1
166	Q96S94
167	Q9UQ88-10
168	P21127-12
169	P21127-1
170	Q8NAA4
171	Q7Z6L1
172	Q14004
173	Q9Y251-PRO_0000042260
174	Q9Y251-PRO_0000042262
175	O94921
176	Q8ND76
177	CHEBI:18420
178	CHEBI:29034
179	P23921
180	Q7LG56
181	O75143
182	O75385
183	Q8TDY2
184	Q9BSB4
185	CHEBI:58937
186	P08559
187	P11177
188	Q00536
189	P29459-PRO_0000015604
190	P29460-PRO_0000010930
191	Q9BXS0-2
192	Q9BXS0-3
193	CHEBI:15996
194	P01112
195	Q07889
196	Q8IXJ9
197	Q92560
198	P35249
199	P35250
200	P35251
201	P40937
202	P40938
203	Q08945
204	Q9Y5B9
205	Q9Y6C2
206	O60264
207	Q9UIF9
208	Q9NRL2
209	Q9BXX0
210	Q9Y2T1
211	Q13201
212	P28370
213	Q9BXF3
214	Q9H8L6
215	Q96T23
216	Q92837
217	Q13201-PRO_0000367047
218	Q13201-PRO_0000367048
219	O75474
220	P24821
221	O43159
222	O43463
223	Q96EB6
224	Q13185
225	Q9Y468
226	P04004
227	P05121
228	Q01780
229	Q06265
230	Q13868
231	Q15024
232	Q5RKV6
233	Q96B26
234	Q9NPD3
235	Q9NQT4
236	Q9NQT5
237	Q9Y2L1
238	Q9Y3B2
239	P62877
240	Q13619
241	P07992-1
242	Q92889
243	P01100
244	P05412
245	Q13469
246	O43521
247	Q07820-1
248	Q68E01
249	Q9BQ15
250	Q9NRY2
251	P00749
252	Q8IY92
253	P61088
254	Q13404
255	Q03405
256	P22059
257	Q9P0L0
258	P00750
259	O75469
260	P19793
261	O00255
262	P17535
263	P05113
264	P06865
265	P07686
266	P42345
267	Q8N122
268	Q9BVC4
269	P10242
270	O60674
271	P23458
272	P29597
273	P32927
274	Q01344
275	P10276
276	Q96AY2
277	Q96NY9
278	P04141
279	P15509
280	Q15596
281	O00499
282	P53567
283	Q15788
284	P52655
285	P52657
286	P01584-PRO_0000015302
287	P27930
288	Q9NPH3
289	P14778-PRO_0000015435
290	P01137-PRO_0000033763
291	P36897
292	P37173
293	Q15819
294	P12004
295	O14777
296	Q8NBT2
297	Q9BZD4
298	Q9HBM1
299	CHEBI:60240
300	O43837
301	P50213
302	P51553
303	CHEBI:49601
304	O14949
305	O14957
306	P00156
307	P07919
308	P08574
309	P14927
310	P22695
311	P31930
312	P47985-PRO_0000030664
313	P47985-PRO_0000307241
314	Q9UDW1
315	CHEBI:190135
316	CHEBI:21137
317	CHEBI:26355
318	CHEBI:49883
319	CHEBI:57692
320	O14521
321	P21912
322	P31040
323	Q99643
324	Q09028
325	Q13111
326	Q13112
327	CHEBI:16238
328	CHEBI:30408
329	CHEBI:58210
330	CHEBI:64607
331	O00217
332	O14561
333	O15239
334	O43181
335	O43674
336	O43676
337	O43677
338	O43678
339	O43920
340	O75251
341	O75306
342	O75380
343	O75438
344	O75489
345	O95139
346	O95167
347	O95168
348	O95169
349	O95178
350	O95182
351	O95298
352	O95299
353	O96000
354	P03886
355	P03891
356	P03897
357	P03901
358	P03905
359	P03915
360	P03923
361	P17568
362	P19404
363	P28331
364	P49821
365	P51970
366	P56181
367	P56556
368	Q16718
369	Q16795
370	Q86Y39
371	Q9NX14
372	Q9P0J0
373	Q9UI09
374	Q9Y6M9
375	P50613
376	P51946
377	P51948
378	A4GXA9
379	Q8TF46
380	P61812-PRO_0000033785
381	P10600-PRO_0000033797
382	Q96AH0
383	P49716
384	P49917
385	Q13426
386	P08240
387	Q9Y5M8
388	P11473
389	Q13133
390	Q01658
391	Q14919
392	Q13620
393	P28702
394	P55055
395	P10828
396	P04921
397	P11171
398	Q00013
399	O75496
400	Q9H211
401	P31274
402	D6RGH6
403	P10827-2
404	O15151
405	P04637
406	P01215
407	P01225
408	P24588
409	P63098
410	Q08209
411	P20290
412	Q13765
413	P01031-PRO_0000005985
414	P01031-PRO_0000005989
415	P13671
416	Q96A72
417	Q9Y5S9
418	O15234
419	P38919
420	Q12830
421	Q16576
422	O14744
423	P54105
424	Q9BQA1
425	P37231
426	A5YKK6
427	O75175
428	O95628
429	Q92600
430	Q9C0C2
431	Q9H9A5
432	Q9NZN8
433	Q9UIV1
434	Q9UKZ1
435	Q9ULM6
436	Q92993
437	Q9H2F5
438	Q9NXR8
439	P38398
440	Q99728
441	O95251
442	Q6IE81
443	Q9HAF1
444	Q9UNL4
445	Q9NQC1
446	Q92613
447	Q8WYH8
448	Q9UBU9
449	Q9UKK6
450	P55201
451	Q92794
452	O95696
453	P22301
454	Q9ULD4
455	Q8WYB5
456	O75792
457	Q5TBB1
458	Q8TDP1
459	P0DN86
460	Q9UIG0
461	Q00987
462	CHEBI:37565
463	CHEBI:58189
464	Q5VZM2
465	Q9NQL2
466	Q9NRF9
467	Q9NRG0
468	Q14691
469	Q9BRT9
470	Q9BRX5
471	Q9Y248
472	P18206
473	Q9Y490
474	P06746
475	P18887
476	P49916
477	Q7Z2E3
478	Q8IW19
479	Q96T60
480	Q9NUW8
481	O15294
482	P51610
483	P61964
484	Q7Z3B3
485	Q96EZ8
486	Q9BVI0
487	Q9H7Z6
488	Q9H9L4
489	Q9P2N6
490	Q68DK7
491	Q8N5Y2
492	Q9HCI7
493	P51587
494	Q86YC2
495	O96019
496	P0C1Z6
497	P25490
498	Q53TQ3
499	Q6P4R8
500	Q6PI98
501	Q8NBZ0
502	Q9C086
503	Q9H981
504	Q9H9F9
505	Q9ULG1
506	Q9Y230
507	Q9Y265
508	Q9Y5K5
509	P35225
510	Q14627
511	Q86XT9
512	CHEBI:59789
513	P57081
514	Q9UBP6
515	P60903
516	Q09666
517	Q14527
518	Q16611
519	Q08379
520	Q9BQQ3
521	P62699
522	Q7L5Y9
523	Q8IUR7
524	Q8IVV7
525	Q96S59
526	Q9H7D7
527	Q9H871
528	Q9NWU2
529	Q9UL63
530	O94776
531	Q12873
532	Q13330
533	Q13547
534	Q14839
535	Q86YP4
536	Q8WXI9
537	Q92769
538	Q9BTC8
539	Q9UBB5
540	CHEBI:15414
541	Q7Z6M4
542	Q96CB9
543	P02533
544	P13647
545	Q15233
546	Q8WXF1
547	Q15631
548	Q99598
549	O00267
550	P63272
551	O60603
552	Q9Y2C9
553	Q15399
554	P51787
555	CHEBI:27363
556	O00268
557	O15265
558	O75486
559	O75528
560	O75529
561	P49848
562	Q12962
563	Q14CW9
564	Q15542
565	Q15545
566	Q16514
567	Q16594
568	Q6P1X5
569	Q92830
570	Q9NPA8
571	Q9UPT9
572	Q9Y4A5
573	P58400-1
574	Q8N2Q7
575	Q15744
576	P67870
577	P68400
578	P20226
579	P21675
580	Q15543
581	Q15544
582	Q5VWG9
583	Q7Z7C8
584	O95983
585	Q9GZY0
586	CHEBI:30413
587	Q02108
588	Q02153
589	P00451-PRO_0000002969
590	P00451-PRO_0000002971
591	Q92750
592	P46531
593	Q06330
594	Q92585
595	O43809
596	Q16630
597	P01308-PRO_0000015819
598	P01308-PRO_0000015821
599	Q9UJW3
600	Q9Y6K1
601	O00206
602	P31153
603	Q9NZL9
604	CHEBI:57540
605	CHEBI:58349
606	Q8N4T8
607	Q92506
608	Q8N684
609	P29466-PRO_0000004522
610	P29466-PRO_0000004524
611	P46736
612	Q06609
613	Q9NXR7
614	P42575-PRO_0000004542
615	P42575-PRO_0000004545
616	P42574-PRO_0000004571
617	P42574-PRO_0000004572
618	P55212-PRO_0000004609
619	P55212-PRO_0000004611
620	P01024-PRO_0000005908
621	P01024-PRO_0000005911
622	O43257
623	O95619
624	Q15906
625	Q6ZRS2
626	Q9GZN1
627	Q9NPF5
628	Q14790-PRO_0000004629
629	Q14790-PRO_0000004631
630	P60709
631	Q05BQ5
632	Q15014
633	Q52LR7
634	Q96L91
635	Q9H0E9
636	Q9NV56
637	Q9UBU8
638	O95347
639	Q15003
640	Q15021
641	Q9BPX3
642	Q9NTJ3
643	O00522
644	O14713
645	Q9BSQ5
646	Q9BUL8
647	P42695
648	Q6IBW4
649	Q86XI2
650	O75478
651	Q92831
652	Q9Y6J9
653	P55211
654	P55211-PRO_0000004643
655	O60673
656	P49005
657	Q15054
658	Q9UI95
659	Q8IYH5
660	Q96ES7
661	Q9H8E8
662	Q9NS73
663	Q9ULM3
664	P16298
665	P48454
666	Q96LZ3
667	Q9UQP3
668	P22105
669	P04839
670	P13498
671	P14598
672	P19878
673	P63000
674	Q15080
675	Q92752
676	P52292
677	Q14974
678	O95149
679	P52294
680	O00505
681	O00629
682	P05067-PRO_0000000092
683	P05067-PRO_0000000093
684	O15131
685	O60684
686	A9QM74
687	P26368
688	Q15637
689	O60506
690	O75534
691	P11940
692	Q14103
693	Q9H074
694	CHEBI:33699
695	P67809
696	Q00839
697	Q08211
698	Q9NZI8
699	O60506-1
700	P41238
701	Q99729
702	Q9NQ94
703	CHEBI:18111
704	O00159-3
705	O75533
706	P35659
707	Q03468
708	Q9BQG0
709	Q9NR30
710	O43524
711	P63104
712	Q15468
713	Q6UVJ0
714	Q9HC77
715	O00444
716	Q8TEP8
717	A8K0Z3
718	Q12768
719	Q2M389
720	Q9Y3C0
721	Q9Y4E1
722	O14497
723	P51531
724	Q12824
725	Q6STE5
726	Q8TAQ2
727	Q92922
728	Q92925
729	Q969G3
730	Q96GM5
731	Q6VEQ5
732	C4AMC7
733	A8MWX3
734	Q9NQA3
735	Q641Q2
736	Q92784
737	P51532
738	Q4VC05
739	Q8WUB8
740	Q8WUZ0
741	Q92785
742	Q9BQE9
743	O94805
744	Q68CP9
745	Q86U86
746	Q9NPI1
747	Q92782
748	Q8NFD5
749	CPX-1770
750	P14543
751	CPX-1771
752	CPX-1773
753	O94986
754	A9UHW6
755	Q14493
756	P52298
757	Q09161
758	O95985
759	Q9H7E2-3
760	P54132
761	Q13472
762	Q96E14
763	Q9H9A7
764	CPX-1993
765	P78527
766	Q6ZNX1
767	Q86V20
768	Q8IYI0
769	Q13535
770	Q8WXE1
771	Q53F19
772	CPX-21210
773	Q15007
774	Q5T200
775	Q69YN4
776	Q75N03
777	CHEBI:24875
778	O75208
779	Q5HYK3
780	Q99807
781	Q9NZJ6
782	Q9Y2Z9
783	Q9Y3A0
784	CHEBI:18248
785	O14727
786	P99999
787	Q15661-PRO_0000027480
788	P20231-PRO_0000027482
789	P42575
790	P78560
791	Q9HB75
792	O43684
793	O60566
794	Q12834
795	Q8TEV9
796	Q96LT7-1
797	Q9HAD4
798	P98161
799	Q13563
800	P29466
801	Q9C000
802	Q9ULZ3
803	Q15532
804	Q9H8M2
805	Q9NZM4
806	P02452
807	Q96P20
808	O14862
809	O15553
810	Q13075
811	Q9NPP4
812	Q6AI39
813	P49810-PRO_0000025603
814	P49810-PRO_0000025604
815	Q92542
816	Q96BI3
817	Q9NZ42
818	Q8WW43
819	P49768-PRO_0000025591
820	P49768-PRO_0000236055
821	P04632
822	P07384
823	Q07954-PRO_0000302750
824	Q07954-PRO_0000302751
825	P85299
826	Q6R327
827	Q9BPZ7
828	P21941
829	P78509
830	CPX-715
831	Q6UWZ7
832	Q96RL1
833	Q9NWV8
834	Q92547
835	Q9BX63
836	CPX-4442
837	Q99708
838	O60934
839	P49959
840	Q92878
841	O00339
842	O15232
843	CPX-2940
844	CPX-787
845	O75419
846	O95460
847	O00300
848	O43504
849	Q0VGL1
850	Q6IAA8
851	Q9UHA4
852	Q9Y2Q5
853	CHEBI:16474
854	P04040
855	O15504
856	O75694
857	P12270
858	P35658
859	P37198
860	P49790
861	P49792
862	P52948-PRO_0000019929
863	P52948-PRO_0000019930
864	P55735
865	P57740
866	P78406
867	Q12769
868	Q53GS7
869	Q5SRE5
870	Q7Z3B4
871	Q8N1F7
872	Q8NFH3
873	Q8NFH4
874	Q8NFH5
875	Q8TEM1
876	Q8WUM0
877	Q8WYP5
878	Q92621
879	Q96EE3
880	Q96HA1
881	Q99567
882	Q9BTX1
883	Q9BVL2
884	Q9BW27
885	Q9NRG9
886	Q9UKX7
887	O00471
888	O60645
889	Q8IYI6
890	Q8TAG9
891	Q96A65
892	Q96KP1
893	Q9NV70
894	Q9UPT5
895	Q9Y2D4
896	P00740-PRO_0000027757
897	P00740-PRO_0000027759
898	O95876
899	Q9BT04
900	Q9ULD6
901	Q7Z4L5
902	Q8NEZ3
903	Q96FT9
904	Q96RY7
905	Q9HBG6
906	Q9P2L0
907	A0AVF1
908	Q13099
909	Q8IY31
910	Q8N4P2
911	Q8TDR0
912	Q8WYA0
913	Q96AJ1
914	Q96LB3
915	Q9BW83
916	Q9H7X7
917	Q9NQC8
918	Q9NWB7
919	Q9P2H3
920	Q9UG01
921	Q9Y366
922	Q9Y547
923	O43237
924	P63167
925	P63172
926	Q13409
927	Q14204
928	Q9NP97
929	O95295
930	P78537
931	Q6QNY1
932	Q969J3
933	Q96B45
934	Q96FH0
935	Q96GS4
936	Q9BQD3
937	Q92902
938	Q9NQG7
939	Q86YV9
940	Q969F9
941	Q9UPZ3
942	O43747
943	P61966
944	Q10567
945	Q9BXS5
946	P56377
947	Q96PC3
948	Q9Y6Q5
949	O00203
950	O14617
951	Q92572
952	Q9Y2T2
953	P59780
954	P53677
955	Q13367
956	P08123
957	P02458
958	P02461
959	P02462
960	P08572
961	P29400
962	Q14031
963	P53420
964	Q01955
965	P05997
966	P20908
967	P25940
968	P12109
969	P12110
970	P12111
971	Q02388
972	P25067
973	P27658
974	P20849
975	Q14050
976	Q14055
977	Q03692
978	P12107
979	P13942
980	Q99715
981	Q5TAT6
982	Q05707
983	P39059
984	Q07092
985	Q9UMD9
986	P39060
987	Q14993
988	Q9P218
989	Q96P44
990	Q8NFW1
991	Q86Y22
992	Q17RW2
993	Q9BXS0-1
994	Q96A83
995	Q8IZC6
996	Q2UY09
997	P07942
998	P11047
999	P25391
1000	P24043
1001	P55268
1002	Q13751
1003	Q13753
1004	Q16787-1
1005	Q16363
1006	O15230
1007	Q9Y6N6
1008	O95782
1009	P53680
1010	P63010
1011	Q96CW1
1012	O94973
1013	O00189
1014	Q9UPM8
1015	Q9Y587
1016	Q9Y6B7
1017	P07996
1018	P35442
1019	P49746
1020	P35443
1021	P49747
1022	P03372
1023	O43299
1024	Q2VPB7
1025	Q9H0R1
1026	Q9NUS5
1027	O15235
1028	O60783
1029	P51398
1030	P82650
1031	P82663
1032	P82664
1033	P82673
1034	P82675
1035	P82912
1036	P82914
1037	P82921
1038	P82930
1039	P82932
1040	P82933
1041	Q92552
1042	Q92665
1043	Q96BP2
1044	Q96EL2
1045	Q96EY7
1046	Q9BYN8
1047	Q9NWT8
1048	Q9Y291
1049	Q9Y2Q9
1050	Q9Y2R5
1051	Q9Y2R9
1052	Q9Y399
1053	Q9Y3D3
1054	Q9Y3D5
1055	Q9Y3D9
1056	Q9Y676
1057	URS000044DFF6_9606
1058	O75394
1059	P09001
1060	P49406
1061	P52815
1062	Q13084
1063	Q13405
1064	Q14197
1065	Q16540
1066	Q4U2R6
1067	Q5T653
1068	Q6P161
1069	Q6P1L8
1070	Q7Z2W9
1071	Q7Z7F7
1072	Q7Z7H8
1073	Q86TS9
1074	Q8IXM3
1075	Q8N5N7
1076	Q8N983
1077	Q8TAE8
1078	Q8TCC3
1079	Q96A35
1080	Q96DV4
1081	Q96EL3
1082	Q96GC5
1083	Q9BQ48
1084	Q9BQC6
1085	Q9BRJ2
1086	Q9BYC8
1087	Q9BYC9
1088	Q9BYD1
1089	Q9BYD2
1090	Q9BYD3
1091	Q9BYD6
1092	Q9BZE1
1093	Q9H0U6
1094	Q9H2W6
1095	Q9H9J2
1096	Q9HD33
1097	Q9NP92
1098	Q9NQ50
1099	Q9NRX2
1100	Q9NVS2
1101	Q9NWU5
1102	Q9NX20
1103	Q9NYK5
1104	Q9NZE8
1105	Q9P015
1106	Q9P0J6
1107	Q9P0M9
1108	Q9Y3B7
1109	Q9Y6G3
1110	URS000047A7F4_9606
1111	URS000080E36F_9606
1112	P00751-PRO_0000027547
1113	P01024-PRO_0000005909
1114	CPX-973
1115	CPX-5601
1116	P27918
1117	Q9BUV8
1118	Q9UM00
1119	P54619
1120	Q13131
1121	Q9Y478
1122	P06730
1123	Q04637
1124	Q14240
1125	O43432
1126	P60842
1127	Q8IX90
1128	Q8WVK7
1129	Q96BD8
1130	Q6P1K2
1131	Q96IY1
1132	Q9H081
1133	Q9H410
1134	O95229
1135	Q8NG31
1136	CPX-550
1137	CPX-5643
1138	CPX-5644
1139	A8MT69
1140	Q03188
1141	Q13352
1142	Q5EE01
1143	Q6IPU0
1144	Q71F23
1145	Q7L2Z9
1146	Q8N0S6
1147	Q8N2Z9
1148	Q92674
1149	Q96BT3
1150	Q96H22
1151	Q9BS16
1152	Q9BU64
1153	Q9H3R5
1154	Q9NSP4
1155	CHEBI:75909
1156	P04908
1157	P06899
1158	P49450
1159	P62805
1160	P05783
1161	P05787
1162	P04264
1163	P13645
1164	O43790
1165	O76013
1166	Q6KB66
1167	Q9NSB4
1168	Q3SY84
1169	Q7Z3Z0
1170	CHEBI:4705
1171	Q71DI3
1172	P0C0S5
1173	P68431
1174	Q71UI9
1175	P06681-PRO_0000027612
1176	P0C0L4-PRO_0000005966
1177	P0C0L4-PRO_0000005970
1178	P0C0L4-PRO_0000005972
1179	P05556
1180	P08648
1181	P05106
1182	P06756
1183	P18084
1184	P26006
1185	P56199
1186	P08514
1187	P35232
1188	Q99623
1189	O60494
1190	Q9BXJ7
1191	Q9UGJ0
1192	P54646
1193	O43741
1194	O43660
1195	O75934
1196	P11142
1197	Q8WYA6
1198	Q99459
1199	Q9P013
1200	Q9UMS4
1201	P19838-PRO_0000030311
1202	Q04206
1203	Q00653-PRO_0000030322
1204	Q04864
1205	Q01201
1206	Q9UGI9
1207	O43402
1208	Q15006
1209	Q5J8M3
1210	Q5UCC4
1211	Q8N4V1
1212	Q8N766
1213	Q9BV81
1214	Q9NPA0
1215	Q9P0I2
1216	Q03164
1217	Q15291
1218	Q9C005
1219	Q9UBL3
1220	Q9Y5Z7
1221	Q9Y3B6
1222	P26717
1223	Q13241
1224	Q07444
1225	P17301
1226	P13612
1227	P23229
1228	Q13683
1229	P53708
1230	Q13797
1231	O75578
1232	Q9UKX5
1233	P18564
1234	P26012
1235	P16144
1236	P26010
1237	P38570
1238	P05107
1239	P20701
1240	P11215
1241	P20702
1242	Q13349
1243	Q8IYU8
1244	Q8NE86
1245	Q9BPX6
1246	Q9H4I9
1247	Q86XE3
1248	Q9NWR8
1249	P27986-2
1250	P42336
1251	P27986-3
1252	P42338
1253	P27986
1254	O00459
1255	Q92569
1256	O00329
1257	P48736
1258	Q8WYR1
1259	Q5UE93
1260	O60216
1261	Q14683
1262	Q8WVM7
1263	Q9UQE7
1264	Q8N3U4
1265	Q8IX21
1266	Q8IY18
1267	Q8N140
1268	Q8WV22
1269	Q96MF7
1270	Q96MG7
1271	Q96SB8
1272	Q9BQI6
1273	O00231
1274	O00232
1275	O00487
1276	O14818
1277	O43242
1278	P17980
1279	P20618
1280	P25786
1281	P25787
1282	P25788
1283	P25789
1284	P28066
1285	P28070
1286	P28072
1287	P28074
1288	P35998
1289	P43686
1290	P48556
1291	P49720
1292	P49721
1293	P51665
1294	P55036
1295	P60896
1296	P60900
1297	P62191
1298	P62195
1299	P62333
1300	Q13200
1301	Q15008
1302	Q16186
1303	Q99436
1304	Q99460
1305	Q9UNM6
1306	P42224
1307	P52630
1308	Q00978
1309	O43264
1310	P50748
1311	Q9H900
1312	Q13114
1313	Q86WV6
1314	Q9UHD2
1315	P01579
1316	P17987
1317	P40227
1318	P48643
1319	P49368
1320	P50990
1321	P50991
1322	P78371
1323	Q99832
1324	O14893
1325	P57678
1326	Q16637
1327	Q8TEQ6
1328	Q8WXD5
1329	Q9H840
1330	Q9NWZ8
1331	Q9UHI6
1332	Q9Y3F4
1333	P14678
1334	P62304
1335	P62306
1336	P62308
1337	P62314
1338	P62316
1339	P62318
1340	O00303
1341	O15371
1342	O15372
1343	O75821
1344	O75822
1345	P55884
1346	P60228
1347	Q13347
1348	Q14152
1349	Q7L2H7
1350	Q99613
1351	Q9UBQ5
1352	Q9Y262
1353	Q7Z434
1354	Q14164
1355	Q9H6S1
1356	P40763
1357	Q14765
1358	P42229
1359	P51692
1360	P42226
1361	P43699
1362	Q96ER9
1363	Q9NUT2
1364	P81605-PRO_0000021084
1365	Q9NXX6
1366	CPX-1860
1367	Q9UM11
1368	Q92844
1369	A7MCY6
1370	P06858
1371	Q8IV16
1372	Q9H2G9
1373	Q9H8Y8
1374	P28358
1375	P01222-PRO_0000011746
1376	P01229
1377	O94826
1378	O96008
1379	Q15388
1380	Q8N4H5
1381	Q96B49
1382	Q9NS69
1383	Q9P0U1
1384	CHEBI:23378
1385	O00483
1386	P00395
1387	P00403
1388	P00414
1389	P09669
1390	P10176
1391	P10606
1392	P12074
1393	P13073
1394	P14406
1395	P14854
1396	P15954
1397	P20674
1398	P24311
1399	P62072
1400	Q53H12
1401	Q6PF06
1402	Q9BSF4
1403	Q9Y584
1404	Q9Y5J7
1405	Q9Y5J6
1406	O14925
1407	O43615
1408	P38646
1409	P60602
1410	Q3ZCQ8
1411	Q8TAA5
1412	Q96DA6
1413	Q99595
1414	Q9BVV7
1415	Q9HAV7
1416	Q9Y3D7
1417	Q9Y5T4
1418	O60830
1419	O60220
1420	Q9Y5L4
1421	Q9Y5J9
1422	O75431
1423	Q13505
1424	Q9Y512
1425	P15153
1426	P60763
1427	Q16891
1428	Q5TGZ0
1429	Q5XKP0
1430	Q6UXV4
1431	Q9BRQ6
1432	Q9BUR5
1433	Q9NX63
1434	P49815
1435	Q92574
1436	Q9P0N9
1437	Q9H6T3
1438	Q9NWS0
1439	O15212
1440	O94763
1441	Q9NUG6
1442	Q9UBK9
1443	Q9UHV9
1444	CPX-6143
1445	CPX-6144
1446	L0R819
1447	P19388
1448	Q96MX6
1449	O43156
1450	Q6NXR4
1451	Q9Y4R8
1452	O60925
1453	P61758
1454	Q99471
1455	Q9NQP4
1456	Q07617
1457	Q8WWB5
1458	O75947
1459	O75964
1460	P00846
1461	P03928
1462	P05496
1463	P06576
1464	P18859
1465	P24539
1466	P25705
1467	P30049
1468	P36542
1469	P48047
1470	P48201
1471	P56134
1472	P56378
1473	P56381
1474	P56385
1475	Q06055
1476	Q5VTU8
1477	Q7Z4Y8
1478	Q96IX5
1479	Q9NVR5
1480	Q9H6T3-2
1481	O95563
1482	Q9Y5U8
1483	CHEBI:10668
1484	O15091
1485	Q7L0Y3
1486	Q99714
1487	P0C0L5-PRO_0000042699
1488	P0C0L5-PRO_0000042703
1489	P0C0L5-PRO_0000042706
1490	CPX-5675
1491	CPX-6156
1492	P02748
1493	P07357
1494	P07358
1495	P07360
1496	P10643
1497	P08603
1498	CPX-6165
1499	P05156-PRO_0000027569
1500	P05156-PRO_0000027570
1501	Q8N3R9
1502	Q8NI35
1503	Q9BUF7
1504	P82279
1505	Q12959
1506	Q14160
1507	Q6P1M3
1508	CHEBI:57586
1509	P05165
1510	P05166
1511	P11226
1512	P48740-PRO_0000027593
1513	P48740-PRO_0000027594
1514	O00602
1515	O60671
1516	O60921
1517	Q99638
1518	O43716
1519	O75879
1520	Q9H0R6
1521	P53597
1522	Q96I99
1523	Q9P2R7
1524	O76031
1525	Q16740
1526	Q15485
1527	O75636
1528	Q5IJ48
1529	Q9BWP8
1530	Q9Y6Z7
1531	P41743
1532	Q8TEW0
1533	Q9NPB6
1534	Q15700
1535	Q92796
1536	P78352
1537	Q8TDM6
1538	Q15334
1539	Q9BYG5
1540	Q9BYG4
1541	Q05513
1542	P83436
1543	Q14746
1544	Q8WTW3
1545	Q96JB2
1546	Q96MW5
1547	Q9H9E3
1548	Q9UP83
1549	Q9Y2V7
1550	A2RRP1
1551	Q6NUQ1
1552	O00187-PRO_0000027599
1553	O00187-PRO_0000027600
1554	CPX-4945
1555	CPX-929
1556	P03951-PRO_0000027825
1557	P03951-PRO_0000027826
1558	Q5VIR6
1559	Q8N1B4
1560	Q96JG6
1561	Q9UID3
1562	Q9P1Q0
1563	P00748-PRO_0000027833
1564	P00748-PRO_0000027835
1565	P08709-PRO_0000027730
1566	P08709-PRO_0000027731
1567	P49754
1568	Q96AX1
1569	Q96JC1
1570	Q9H269
1571	Q9H270
1572	Q9P253
1573	Q8N3P4
1574	Q8WUH2
1575	P00742-PRO_0000027788
1576	P00742-PRO_0000027789
1577	P12259-PRO_0000002979
1578	P12259-PRO_0000002981
1579	CPX-6215
1580	CPX-6216
1581	P00734-PRO_0000028163
1582	P00734-PRO_0000028164
1583	CPX-6222
1584	P07204
1585	P04070-PRO_0000028109
1586	P04070-PRO_0000028110
1587	P02671-PRO_0000009022
1588	P02675-PRO_0000009071
1589	P02679-PRO_0000009099
1590	O75140
1591	Q12980
1592	Q8WTW4
1593	Q6PJI9
1594	Q96S15
1595	Q9NXC5
1596	Q5T011
1597	Q969R8
1598	Q96MD2
1599	Q9Y664
1600	CPX-6225
1601	P00488
1602	P05160
1603	P02751
1604	CHEBI:83088
1605	O00330
1606	P09622
1607	P10515
1608	P03952-PRO_0000028021
1609	P03952-PRO_0000028022
1610	P00451-PRO_0000002968
1611	Q96RQ3
1612	Q9HCC0
1613	Q9H267
1614	Q9H9C1
1615	P29803
1616	O75439
1617	Q10713
1618	Q96LU5
1619	Q96T52
1620	P40939
1621	P55084
1622	Q8NCN5
1623	Q9P0J1
1624	O15287
1625	O15360
1626	Q00597
1627	Q0VG06
1628	Q6NZ36
1629	Q8NB91
1630	Q9HB96
1631	Q9NPI8
1632	Q9NW38
1633	Q9BXW9
1634	Q9NVI1
1635	Q8IYD8
1636	Q9BTP7
1637	P18615
1638	Q8IXH7
1639	Q8WX92
1640	Q9H3P2
1641	O60762
1642	O94777
1643	Q9P2X0
1644	Q96FX7
1645	Q9UJA5
1646	P61599
1647	Q14CX7
1648	P41227
1649	Q9BXJ9
1650	Q6N069
1651	Q9BSU3
1652	Q147X3
1653	Q5VZE5
1654	Q9BRA0
1655	Q8TF05
1656	Q6IN85
1657	Q5MIZ7
1658	Q6NUP7
1659	O94927
1660	Q68CZ6
1661	Q7Z4H7
1662	Q96CS2
1663	Q99871
1664	Q9BT25
1665	Q9H6D7
1666	Q9NVX0
1667	Q9UBC3
1668	O43520
1669	Q9NV96
1670	Q3MIR4
1671	Q9Y2Q0
1672	Q9NTI2
1673	P98198
1674	O60423
1675	Q8TF62
1676	O60312
1677	O94823
1678	Q9P241
1679	P98196
1680	Q9Y2G3
1681	Q8NB49
1682	P51798
1683	Q86WC4
1684	P08708
1685	P08865
1686	P15880
1687	P23396
1688	P25398
1689	P39019
1690	P46781
1691	P46782
1692	P46783
1693	P60866
1694	P61247
1695	P62081
1696	P62241
1697	P62244
1698	P62249
1699	P62263
1700	P62266
1701	P62269
1702	P62273
1703	P62277
1704	P62280
1705	P62753
1706	P62841
1707	P62847
1708	P62851
1709	P62854
1710	P62857
1711	P62861
1712	P62979
1713	P63220
1714	P63244
1715	URS0000704D22_9606
1716	[P42677,Q71UM5]
1717	[P62701]
1718	Q8IUX1
1719	Q96B77
1720	Q9BQ95
1721	Q9GZY4
1722	Q9H845
1723	Q9Y375
1724	P30260
1725	P60006
1726	Q13042
1727	Q8NHZ8
1728	Q96DE5
1729	Q9BS18
1730	Q9H1A4
1731	Q9NYG5
1732	Q9UJX2
1733	Q9UJX3
1734	Q9UJX4
1735	Q9UJX5
1736	Q9UJX6
1737	Q9UM13
1738	O96007
1739	O96033
1740	CHEBI:15422
1741	O75449
1742	Q9BVA0
1743	Q9H079
1744	Q8IYT4
1745	Q9BW62
1746	P18847
1747	P61201
1748	Q13098
1749	Q7L5N1
1750	Q92905
1751	Q99627
1752	Q9BT78
1753	Q9UBW8
1754	Q9UNS2
1755	O14867
1756	Q16649
1757	P15336
1758	P17544
1759	Q52LJ0
1760	Q8IWT0
1761	Q8NCA5
1762	Q92499
1763	Q9BVC5
1764	Q9Y224
1765	Q9Y3I0
1766	Q16520
1767	Q9NR55
1768	P15407
1769	P15408
1770	Q8WYK2
1771	P17275
1772	O00287
1773	O14593
1774	P48382
1775	O00258
1776	O43681
1777	P49069
1778	Q9ULX9
1779	O15525
1780	Q9H9Q2
1781	A0A5B9
1782	P01848
1783	P04234
1784	P07766
1785	P09693
1786	P20963
1787	P37287
1788	P57054
1789	Q14442
1790	Q3MUY2
1791	Q92535
1792	Q9BRB3
1793	O43292
1794	Q92643
1795	Q969N2
1796	Q96S52
1797	Q9H490
1798	Q8N1L9
1799	O43889
1800	Q9NS37
1801	O75444
1802	Q9Y5Q3
1803	Q16621
1804	Q14494-PRO_0000443103
1805	Q16236
1806	Q9Y4A8
1807	P00338
1808	P01850
1809	B7Z8K6
1810	P0CF51
1811	Q9Y2D1
1812	P07195
1813	P18850
1814	Q99941
1815	P17861
1816	P07864
1817	P03986
1818	Q9BYZ2
1819	Q8N3C0
1820	Q8N9N2
1821	Q9H1I8
1822	Q15650
1823	Q9BWT6
1824	Q9P2W1
1825	Q9BXR0
1826	Q9H974
1827	CHEBI:597326
1828	O15269
1829	O15270
1830	Q969W0
1831	P46060
1832	P63279
1833	Q8NFR3
1834	Q9NUV7
1835	Q86SQ9
1836	Q96E22
1837	P01732
1838	P10966
1839	P01834
1840	P01880
1841	O94864
1842	Q15393
1843	Q86TJ2
1844	Q8NEM7
1845	Q96BN2
1846	Q9BWJ5
1847	O75446
1848	P29374
1849	Q4LE39
1850	Q5PSV4
1851	Q96ST3
1852	Q9H0E3
1853	Q9H160
1854	Q9H7L9
1855	Q9HAJ7
1856	Q9HCU9
1857	Q9UK53
1858	Q8NFU7
1859	Q9NP50
1860	O75182
1861	P14314
1862	Q14697
1863	Q3T906-PRO_0000225008
1864	Q3T906-PRO_0000225009
1865	Q9UJJ9
1866	CHEBI:16856
1867	CHEBI:33737
1868	O76003
1869	Q9H3K6
1870	Q86SX6
1871	Q9Y3E2
1872	Q53S33
1873	Q16595
1874	Q6P4F2
1875	Q9H1K1
1876	Q9HD34
1877	Q9Y697
1878	A5PLN9
1879	O43617
1880	P0DI81
1881	P48553
1882	Q86SZ2
1883	Q8IUR0
1884	Q96Q05
1885	Q9UL33
1886	Q9Y296
1887	Q9Y5R8
1888	P0DI82
1889	O75865
1890	Q7Z392
1891	Q8WVT3
1892	Q9Y2L5
1893	O75787
1894	P27449
1895	P38606
1896	Q15904
1897	Q16864
1898	Q6P5S7
1899	Q99437
1900	Q9UI12
1901	Q9Y487
1902	Q9Y5K8
1903	[O15342,Q8NHE4]
1904	[O95670,Q96LB4,O75348]
1905	[P15313,P21281]
1906	[P21283,Q8NEY4]
1907	[Q8N8Y2,P61421]
1908	[Q96A05,P36543]
1909	Q13488
1910	P0CG04
1911	P0CG05
1912	P0DOY3
1913	P0CF74
1914	A0M8Q6
1915	P01871
1916	Q9HBG4
1917	P01857
1918	P01859
1919	P01860
1920	P01861
1921	P01876
1922	P01877
1923	P01854
1924	Q16534
1925	Q10586
1926	Q96A33
1927	Q9Y284
1928	Q9UMN6
1929	O15550
1930	Q14686
1931	Q6ZW49
1932	Q8NEZ4
1933	Q9BTK6
1934	Q9BYV9
1935	O14686
1936	O15047
1937	Q6UXN9
1938	Q9P0U4
1939	Q8NFC6
1940	Q96IK1
1941	Q9UPS6
1942	Q9NXL9
1943	Q9UJA3
1944	O75477
1945	O94905
1946	P11498
1947	P40925
1948	P48163
1949	O14964
1950	O75886
1951	Q8NEZ2
1952	Q99816
1953	Q9H7P6-1
1954	Q9UK41
1955	A5D8V6
1956	Q96EY5
1957	Q86XT2
1958	Q9H9H4
1959	Q9NZ09
1960	P61009
1961	Q15005
1962	Q9BY50
1963	Q9Y6A9
1964	Q96RQ1
1965	Q9Y282
1966	O00411
1967	Q00059
1968	Q9H5Q4
1969	P04085
1970	P01127
1971	Q96EP0
1972	Q9BYM8
1973	Q9H0F6
1974	P15927
1975	P27694
1976	P35244
1977	Q13156
1978	O43913
1979	O43929
1980	Q13415
1981	Q13416
1982	Q9UBD5
1983	Q9Y5N6
1984	O00148
1985	O75152
1986	P82979
1987	P84090
1988	Q13769
1989	Q6I9Y2
1990	Q86V81
1991	Q86W42
1992	Q8NI27
1993	Q96FV9
1994	Q96J01
1995	Q96QD9
1996	Q9BY77
1997	Q9P127
1998	Q9Y3Y2
1999	O15182
2000	O60318
2001	Q5JVF3
2002	P26196
2003	Q6P2E9
2004	Q8IU60
2005	Q8IZD4
2006	Q8IZH2
2007	Q96F86
2008	P27540
2009	Q16665
2010	P49765
2011	P49767
2012	Q8NDV3
2013	Q9UJ98
2014	Q9H4I0
2015	O95072
2016	Q08999
2017	Q14188
2018	Q15329
2019	Q16254
2020	Q52LA3
2021	Q5TKA1
2022	Q6MZP7
2023	Q96GY3
2024	P10244
2025	Q08050
2026	O15514
2027	P19387
2028	P24928
2029	P30876
2030	P36954
2031	P52434
2032	P52435
2033	P53803
2034	P61218
2035	P62487
2036	P62875
2037	O14802
2038	O15160
2039	O75575
2040	P05423
2041	P0DPB6
2042	Q9BT43
2043	Q9BUI4
2044	Q9H1D9
2045	Q9NVU0
2046	Q9NW08
2047	Q9Y2Y1
2048	Q9Y535
2049	P35226
2050	P78364
2051	Q06587
2052	Q14781
2053	Q8IXK0
2054	Q8NDX5
2055	O00257
2056	O95503
2057	O95931
2058	Q9HC52
2059	P35227
2060	Q99496
2061	P63208
2062	Q6W2J9
2063	Q8IY57
2064	Q8NHM5
2065	Q9BSM1
2066	CPX-2428
2067	Q86SE9
2068	Q8N488
2069	Q8WXX7
2070	CPX-2437
2071	CPX-914
2072	Q14582
2073	O60832
2074	Q9BUR4
2075	Q9NPE3
2076	Q9NX24
2077	Q9NY12
2078	P05386
2079	P05387
2080	P05388
2081	P18077
2082	P18124
2083	P18621
2084	P26373
2085	P27635
2086	P30050
2087	P32969
2088	P36578
2089	P39023
2090	P40429
2091	P42766
2092	P46776
2093	P46777
2094	P46778
2095	P46779
2096	P47914
2097	P49207
2098	P50914
2099	P61313
2100	P61353
2101	P61513
2102	P61927
2103	P62424
2104	P62750
2105	P62829
2106	P62888
2107	P62891
2108	P62899
2109	P62906
2110	P62910
2111	P62913
2112	P62917
2113	P62945
2114	P62987
2115	P63173
2116	P83731
2117	P84098
2118	Q02543
2119	Q02878
2120	Q07020
2121	Q9Y3U8
2122	URS00000F9D45_9606
2123	URS000075D341_9606
2124	URS0000ABD82A_9606
2125	[P35268,Q6P5R6]
2126	[Q969Q0,P83881]
2127	[Q9UNX3,P61254]
2128	Q96EH5
2129	Q96L21
2130	P83881
2131	Q92901
2132	Q8N6L0
2133	Q9UH99
2134	Q8NF91
2135	O94901
2136	Q8WXH0
2137	Q6ZMZ3
2138	Q8N205
2139	O75072
2140	Q9H9S5
2141	Q9Y2B1
2142	O14908
2143	Q9NZN5
2144	Q9P0V3
2145	Q9UM54
2146	Q96II8
2147	Q96N67
2148	O00716
2149	O14936
2150	Q02410
2151	Q9HAP6
2152	O14910
2153	Q9NUP9
2154	Q13616
2155	Q9UKT8
2156	P57775
2157	Q969U6
2158	Q969H0
2159	P23246
2160	Q14999
2161	Q8N3Y1
2162	Q5XUX1
2163	Q5XX13
2164	Q5XPI4
2165	Q9BSL1
2166	Q86YW7
2167	Q96T91
2168	O14579
2169	P35606
2170	P48444
2171	P53618
2172	P53621
2173	P61923
2174	Q9Y678
2175	Q9UKB1
2176	Q6X9E4
2177	P23415
2178	P48167
2179	O75436
2180	Q96QK1
2181	Q9UBQ0
2182	Q4G0F5
2183	P23416
2184	O75311
2185	P41002
2186	Q9UK22
2187	Q9BQC3
2188	Q9BZG8
2189	O75151
2190	Q14865
2191	Q9UK99
2192	Q9UKT5
2193	Q96G75
2194	Q6VN20
2195	Q9UKT4
2196	Q9NRD1
2197	Q9Y3I1
2198	Q9NRD0
2199	Q9UK97
2200	Q9UK96
2201	Q86XK2
2202	Q8NCQ5
2203	Q8IX29
2204	Q96EF6
2205	Q8NFZ0
2206	Q8WWI1
2207	O94952
2208	O75943
2209	Q8NEZ5
2210	O75426
2211	Q8TCJ0
2212	Q8NI29
2213	Q9NVF7
2214	Q8TB52
2215	Q9UBF2
2216	Q9P299
2217	Q5XUX0
2218	Q969P5
2219	Q7Z6M2
2220	Q9NWN3
2221	Q8NEA4
2222	Q6PIJ6
2223	Q15572
2224	Q15573
2225	Q53T94
2226	Q9H5J8
2227	Q8N4B4
2228	Q9UH90
2229	Q8TF61
2230	Q6P3S6
2231	P49257
2232	Q8NI22
2233	Q4G163
2234	Q9H4M3
2235	O75592
2236	P0C2W1
2237	Q6PJ61
2238	Q5MNV8
2239	Q13618
2240	Q9NR64
2241	O00168
2242	Q15155
2243	Q969V3
2244	Q9BVK8
2245	Q5JPE7
2246	P69849
2247	P43307
2248	P43308
2249	P51571
2250	Q9UNL2
2251	O95198
2252	Q9UH77
2253	Q9C0H6
2254	P0DKB6
2255	Q96PQ7
2256	Q8WZ60
2257	O60306
2258	Q96NB3
2259	Q9HCS7
2260	Q9ULR0
2261	Q9UNP9
2262	Q6KC79
2263	Q9Y6X3
2264	P60059
2265	P60468
2266	P61619
2267	Q5SY16
2268	Q8IZL8
2269	Q9BV38
2270	Q9H4L4
2271	Q9NU22
2272	Q9NXF1
2273	Q9Y4W2
2274	Q9P2J3
2275	Q8IXQ5
2276	Q9P2G9
2277	O95995
2278	Q5JU00
2279	Q5VUJ9
2280	Q86XH1
2281	Q8IXS2
2282	Q8IY82
2283	Q8NEE6
2284	Q96DY2
2285	Q96MC2
2286	Q9H069
2287	Q9H095
2288	Q6JEL2
2289	Q9NVR0
2290	Q53G59
2291	Q9P2N7
2292	Q9P2G3
2293	Q1ZZU3
2294	Q86XK3
2295	Q9UNN5
2296	Q96M94
2297	O94888
2298	Q9H2C0
2299	Q6TDP4
2300	Q96CS3
2301	Q04323
2302	O94889
2303	Q14145
2304	Q96FV3
2305	Q9Y2M5
2306	Q9UJP4
2307	Q14CS0
2308	Q53GT1
2309	Q8NBE8
2310	P68543
2311	Q6TFL4
2312	Q9H0H3
2313	P15172
2314	Q9Y263
2315	Q53HC5
2316	Q9Y573
2317	Q96JH7
2318	Q9BZV1
2319	Q9UKV5
2320	Q9NXS3
2321	Q14802
2322	P59646
2323	Q96DB9
2324	Q9H0Q3
2325	P58549
2326	Q96CT2
2327	Q9BRS2
2328	Q9NQ92
2329	Q0D2K2
2330	Q9H511
2331	P86791
2332	Q7L1V2
2333	Q96DM3
2334	Q86VX9
2335	P56597
2336	P59910
2337	Q5TD94
2338	Q6P9G0
2339	Q86UC2
2340	Q8IYR0
2341	Q8WWB3
2342	Q8WYR4
2343	Q96C74
2344	Q96FJ2
2345	Q9H1X1
2346	Q9UHP6
2347	Q8NA54
2348	Q9H0K4
2349	P86790
2350	Q96SU4
2351	Q9BXB5
2352	Q9BXB4
2353	Q9H9S3
2354	O95456
2355	Q969U7
2356	Q5JS54
2357	Q9BT73
2358	Q9BQ83
2359	Q1HG44
2360	Q9NRD8
2361	Q1HG43
2362	Q9NRD9
2363	P82251
2364	Q07837
2365	P08195
2366	Q01650
2367	Q9UHI5
2368	Q9UM01
2369	Q92536
2370	A6NGQ2
2371	P59047
2372	Q587J8
2373	Q6TGC4
2374	Q8WX94
2375	Q9H808-1
2376	Q9NX02
2377	Q9NS82
2378	Q9UPY5
2379	Q695T7
2380	Q9HBJ8
2381	Q9BYF1
2382	Q96NJ5
2383	Q8N239
2384	Q6PF15
2385	Q8N4N3
2386	O14682
2387	Q2WGJ6
2388	Q2TBA0
2389	O60662
2390	Q9P2K6
2391	O75027
2392	P22830
2393	Q9NRK6
2394	O94874
2395	Q96HY6
2396	Q96JB5
2397	Q06787
2398	P51114
2399	Q16394
2400	Q93063
2401	P51116
2402	P49770
2403	Q13144
2404	Q14232
2405	Q9NR50
2406	Q9UI10
2407	O75150
2408	Q5VTR2
2409	Q6NXT4
2410	Q8TAD4
2411	Q9Y6M5
2412	Q8IWU4
2413	Q9BRI3
2414	O00219
2415	Q92839
2416	Q92819
2417	Q99726
2418	O14863
2419	P62873
2420	P63096
2421	P63211
2422	Q9GZN0
2423	Q8NEW0
2424	Q6XR72
2425	Q13002
2426	P22309-1
2427	Q16478
2428	Q13003
2429	P39086
2430	P22309-2
2431	O60656-1
2432	P16662
2433	Q9BUN8
2434	P18507
2435	P28472
2436	P48169
2437	P34903
2438	Q9UN88
2439	P47870
2440	P31644
2441	Q99928
2442	P47869
2443	O14764
2444	P14867
2445	Q16445
2446	CHEBI:17401
2447	P30153
2448	P67775
2449	Q13033
2450	Q9ULQ0
2451	Q9Y3A3
2452	O43815
2453	Q5VSL9
2454	Q9NRL3
2455	Q8NDV7
2456	Q9H9G7
2457	Q9HCK5
2458	Q9UKV8
2459	Q9UL18
2460	Q15633
2461	Q9UPY3
2462	O75569
2463	Q9UPQ9
2464	Q9HCJ0-1
2465	Q16099
2466	P18505
2467	O75971
2468	Q13487
2469	Q16533
2470	Q5SXM2
2471	Q92966
2472	O60939
2473	P35498
2474	Q07699
2475	Q9NY72
2476	Q8IWT1
2477	Q99250
2478	Q9NY46
2479	P35499
2480	Q14524
2481	Q9UQD0
2482	Q15858
2483	Q9Y5Y9
2484	Q9UI33
2485	Q01118
2486	P47756
2487	P52907
2488	P47755
2489	P54289-PRO_0000005001
2490	P54289-PRO_0000005002
2491	Q06432
2492	Q08289
2493	Q13698
2494	P54284
2495	O00305
2496	Q6P179
2497	Q9NZ08
2498	P04843
2499	P04844
2500	P0C6T2
2501	P39656
2502	P61165
2503	P61803
2504	Q13454
2505	Q8TCJ2
2506	Q9H0U3
2507	P46977
2508	Q8N6L1
2509	Q9NRP0
2510	Q02641
2511	Q9NY47-PRO_0000304637
2512	Q9NY47-PRO_0000304639
2513	Q8IZS8-PRO_0000304647
2514	Q8IZS8-PRO_0000304648
2515	P42261
2516	P42262
2517	Q7Z3S7-PRO_0000304656
2518	Q7Z3S7-PRO_0000304657
2519	Q9H334
2520	O15409
2521	O43734
2522	Q16552
2523	Q8NAC3
2524	Q96F46
2525	Q96PD4
2526	O43148
2527	Q9BTL3
2528	Q9GZP9
2529	Q96Q80
2530	Q9BZS1
2531	Q8IVH2
2532	O43933
2533	Q13608
2534	Q7Z412
2535	Q14213
2536	Q8NEV9
2537	Q13596
2538	Q9Y5X3
2539	P01375-PRO_0000034424
2540	P01583-PRO_0000015266
2541	P14778-PRO_0000415344
2542	Q9UNH7
2543	Q86XE0
2544	O60749
2545	Q14997
2546	Q06323
2547	Q9UL46
2548	Q13936
2549	P31639
2550	Q13113
2551	O95999
2552	Q9H257
2553	Q9UDY8
2554	Q9BXL7
2555	Q9BWT7
2556	Q9BXL6
2557	O43791
2558	Q6IQ16
2559	Q8IY47
2560	P62495
2561	Q8IYD1
2562	Q9NVX7
2563	P01375-PRO_0000034423
2564	Q86V97
2565	Q8WVZ9
2566	P05231
2567	P61328
2568	Q13428
2569	Q14978
2570	Q8NFY9
2571	Q8NAB2
2572	O60341
2573	Q9UKL0
2574	P01374
2575	P19438
2576	P36941
2577	Q06643
2578	P61289
2579	P28062
2580	P28065
2581	P40306
2582	A5LHX3
2583	Q8TAA3
2584	P36957
2585	P82909
2586	Q02218
2587	Q8IZ40
2588	Q9P2K3
2589	C9JR72
2590	P14778
2591	P18510
2592	Q5T4S7
2593	Q9P0J7
2594	Q8N108
2595	Q8N344
2596	A8MZ26
2597	E9PQX1
2598	Q2WGJ8
2599	Q5SY80
2600	Q6ZRH7
2601	Q7RTX7
2602	Q86XM0
2603	Q86XQ3
2604	Q8NEC5
2605	Q96P56
2606	Q9H7T0
2607	Q9NTU4
2608	P01583
2609	Q8NB90
2610	Q9BVQ7
2611	Q9BW66
2612	Q9NX04
2613	P36222
2614	Q9H293
2615	Q9NRM6
2616	Q9UHF5
2617	Q8NFR9
2618	Q9P0M4
2619	P20333
2620	Q92956
2621	O43557
2622	P62068
2623	Q8TAF3
2624	Q8TBZ3
2625	O95407
2626	Q7Z6A9
2627	P34897-3
2628	Q15018
2629	O75317
2630	Q09019
2631	O94782
2632	P14373
2633	Q93009
2634	P61326
2635	Q12912
2636	Q6PIW4
2637	Q9NSG2
2638	P15735
2639	P46019
2640	Q93100
2641	Q96CG3
2642	Q9Y4K3
2643	Q6ZNK6
2644	Q12933
2645	P20809
2646	P40189-2
2647	Q14626-PRO_0000450688
2648	P10145
2649	Q16570
2650	O15457
2651	O43196
2652	P40692
2653	P54278
2654	P54277
2655	Q9UHC1
2656	O75381
2657	Q92968
2658	O95256
2659	Q13478
2660	Q14116
2661	O95998
2662	P01730
2663	Q14005-PRO_0000015412
2664	Q14764
2665	Q99973
2666	Q9UKK3
2667	URS0000000A8C_9606
2668	URS000058CD99_9606
2669	URS00005CCF67_9606
2670	URS0000A76E3A_9606
2671	O43187
2672	P51617
2673	Q99836
2674	Q9NWZ3
2675	Q9GZN7
2676	Q9Y485
2677	Q9Y4E6
2678	Q8TDJ6
2679	P48059
2680	Q13418
2681	Q9NVD7
2682	Q969J5
2683	Q9GZX6
2684	Q9HBI1
2685	Q7Z4I7
2686	Q9NPH9
2687	Q9Y4W6
2688	Q9UQ90
2689	O95760
2690	Q01638
2691	Q01638-2
2692	P43034
2693	Q15102
2694	P68402
2695	Q86XR7
2696	Q8IUC6
2697	P07333
2698	Q6ZMJ4
2699	Q9HB29
2700	Q9UHA7-PRO_0000153644
2701	Q9NZH7-PRO_0000153646
2702	Q9NZH8-PRO_0000153648
2703	Q9UBH0-PRO_0000153642
2704	Q13478-PRO_0000015448
2705	Q6IA17-PRO_0000099065
2706	Q9NZH6-1
2707	Q9NZH6
2708	O00311
2709	Q9UBU7
2710	CHEBI:67040
2711	Q86U44
2712	Q9HCE5
2713	Q4ADV7
2714	Q92546
2715	O14807
2716	P62136
2717	Q9UQ13
2718	P09603
2719	P62140
2720	P36873
2721	Q12770
2722	Q12772
2723	CPX-8826
2724	O00463
2725	P19438-PRO_0000034543
2726	Q13490
2727	Q13546
2728	Q15628
2729	P05013
2730	P17181
2731	P48551
2732	P01563
2733	P01562
2734	P01567
2735	P05014
2736	P01569
2737	P32881
2738	P01566
2739	P01570
2740	P05015
2741	P01571
2742	P01568
2743	P01574
2744	Q86WN2
2745	Q9P0W0
2746	P05000
2747	Q08334
2748	Q8IU54
2749	Q8IU57
2750	Q8IZJ0
2751	K9M1U5
2752	CPX-6024
2753	P15260
2754	P38484
2755	P01589
2756	P14784
2757	P31785
2758	P60568
2759	P08700
2760	P26951
2761	P05112
2762	P24394
2763	P78552
2764	P08887-PRO_0000010895
2765	P40189
2766	P08887-PRO_0000450730
2767	P40189-1
2768	P05231-PRO_0000015582
2769	P08887-1
2770	P13232-PRO_0000015623
2771	P16871-1
2772	P16871-4
2773	Q13651
2774	CPX-8931
2775	Q13489
2776	P25024
2777	P25025
2778	Q14626-PRO_0000010913
2779	P40933
2780	Q13261
2781	P20333-PRO_0000034548
2782	Q6UXL0
2783	Q9UHD0-PRO_0000015379
2784	Q9UHF4
2785	Q9NYY1
2786	Q8N6P7
2787	Q9NYY1-PRO_0000015381
2788	Q9HBE4
2789	Q9HBE5
2790	P42701-PRO_0000010917
2791	Q5VWK5-PRO_0000268662
2792	Q9NPF7-PRO_0000259488
2793	Q13007
2794	Q6UWB1
2795	Q8IZI9
2796	CPX-25744
2797	Q99665
2798	O43318
2799	Q15750
2800	Q9NYJ8
2801	Q8N5C8
2802	CPX-381
2803	Q99665-PRO_0000010920
2804	P29459
2805	P36956
2806	CHEBI:42977
2807	CPX-25721
2808	O15503
2809	Q9Y5U4
2810	CPX-25745
2811	P0C0S8
2812	P62807
2813	Q93077
2814	Q14141
2815	Q15019
2816	Q16181
2817	Q9UHD8
2818	Q9UH03
2819	P48995
2820	Q9UBN4
2821	Q9UL62
2822	Q03518
2823	Q03519
2824	O95721
2825	P56962
2826	Q9BV40
2827	P51809
2828	O15498
2829	Q96Q11
2830	Q96QE3
2831	CPX-8695
2832	O00399
2833	O75935
2834	P61163
2835	Q13561
2836	Q14203
2837	Q9BTE1
2838	Q9NZ32
2839	Q9UJW0
2840	P01111
2841	P01116
2842	P0CG13
2843	Q8WVB6
2844	Q9BVC3
2845	Q8NCM8
2846	Q8TCX1
2847	Q8WVS4
2848	Q8WW35
2849	Q96EX3
2850	P51808
2851	Q8TF09
2852	Q9Y6G9
2853	O14576
2854	A6NHQ2
2855	CHEBI:133335
2856	O00567
2857	P55769
2858	Q9Y2X3
2859	P46100
2860	Q9UER7
2861	A6ND01
2862	Q8IYV9
2863	Q5TA45
2864	Q6P9B9
2865	Q75QN2
2866	Q8N201
2867	Q96CB8
2868	Q96HW7
2869	Q96N11
2870	Q96SY0
2871	Q9H0H0
2872	Q9NV88
2873	Q9NVH2
2874	Q9NVM9
2875	Q9NVR2
2876	Q9UL03
2877	P60880
2878	P63027
2879	Q16623
2880	Q08AM6
2881	Q92562
2882	Q9Y2I7
2883	P61266
2884	P23763
2885	Q5SQN1
2886	O95777
2887	P62310
2888	P62312
2889	Q15020
2890	Q9UK45
2891	Q9Y333
2892	Q9Y4Y9
2893	Q9Y4Z0
2894	URS00006767A8_9606
2895	P23258
2896	Q08AG7
2897	Q6NZ67
2898	Q6P582
2899	Q96CW5
2900	Q96RT7
2901	Q96RT8
2902	Q9BSJ2
2903	Q9UGJ1
2904	O43172
2905	O43395
2906	URS0000715A86_9606
2907	CPX-26415
2908	CPX-26417
2909	Q8WWY3
2910	O75643
2911	O94906
2912	O95400
2913	Q15029
2914	Q6P2Q9
2915	Q96DI7
2916	Q9BUQ8
2917	URS000075BAAE_9606
2918	P22087
2919	O43290
2920	P83876
2921	Q53GS9
2922	Q8WVK2
2923	Q9BTD8
2924	URS0000631BD4_9606
2925	CHEBI:139356
2926	CPX-2391
2927	M14387
2928	P08579
2929	P08621
2930	P09012
2931	P09234
2932	P09661
2933	Q12874
2934	Q13435
2935	Q15427
2936	Q15428
2937	Q15459
2938	Q7RTV0
2939	Q9Y3B4
2940	URS00006A1489_9606
2941	CPX-26447
2942	O60870
2943	P41223
2944	Q13356
2945	Q13573
2946	Q8IYB3
2947	Q9BZJ0
2948	Q9NW64
2949	Q8TAD8
2950	Q9BRD0
2951	Q9Y388
2952	O15541
2953	Q6UX04
2954	Q9HCG8
2955	Q9UQ35
2956	P19634
2957	Q99653
2958	O60231
2959	Q8WUA2
2960	Q9Y3C6
2961	O60508
2962	O95926
2963	Q13158
2964	Q14790
2965	A8MTZ0
2966	Q3SYG4
2967	Q8IWZ6
2968	Q8N3I7
2969	Q8NFJ9
2970	Q8TAM2
2971	Q96RK4
2972	Q9BXC9
2973	Q6QNY0
2974	Q8TDH9
2975	Q96EV8
2976	Q9NUP1
2977	Q9UL45
2978	P02745
2979	P02746
2980	P02747
2981	CPX-1919
2982	P00736-PRO_0000027578
2983	P00736-PRO_0000027579
2984	P09871-PRO_0000027587
2985	P09871-PRO_0000027588
2986	O43745
2987	CPX-1941
2988	Q14331
2989	Q86X95
2990	Q92620
2991	Q96BP3
2992	Q9BW85
2993	Q9NW82
2994	Q9NXE8
2995	Q96BS2
2996	Q14562
2997	Q9GZU8
2998	P48764
2999	O95391
3000	Q8WUQ7
3001	Q9H875
3002	Q9Y421
3003	Q9UBY0
3004	Q8N5F7
3005	Q2TBE0
3006	O43143
3007	Q01081
3008	P02671-PRO_0000009021
3009	P02675-PRO_0000009070
3010	O95163
3011	Q0PNE2
3012	Q6IA86
3013	Q8TE02
3014	Q96EB1
3015	Q9H9T3
3016	P23511
3017	P25208
3018	Q13952
3019	P49336
3020	P15692
3021	P10415
3022	Q92934
3023	P55957
3024	Q9BXH1
3025	Q07812
3026	P16118
3027	P12956
3028	P13010
3029	O60825
3030	Q16875
3031	Q16877
3032	P08237
3033	P17858
3034	Q01813
3035	P06493
3036	P78396
3037	P20248
3038	P24941
3039	P14635
3040	O95067
3041	Q8WWL7
3042	P11802
3043	P24385
3044	P30279
3045	P30281
3046	Q00534
3047	P24864
3048	O96020
3049	P32322
3050	P09884
3051	P49642
3052	P49643
3053	Q14181
3054	P54098
3055	Q9UHN1
3056	P28340
3057	Q9HCU8
3058	P56282
3059	Q07864
3060	Q9NR33
3061	CHEBI:75947
3062	Q2NKJ3
3063	Q86WV5
3064	Q9H668
3065	Q92871
3066	Q9P2T1
3067	P49354
3068	P53609
3069	P68871
3070	P69905
3071	CHEBI:39128
3072	P20648
3073	P51164
3074	Q9UBE0
3075	Q9UBT2
3076	P49356
3077	Q15822-PRO_0000000340
3078	Q9GZZ6-PRO_0000000376
3079	O60894
3080	P30988
3081	P07510-PRO_0000000334
3082	O43502
3083	O43542
3084	Q14159
3085	Q19AV6
3086	Q6NVH7
3087	Q9NTI5
3088	O60894-PRO_0000030168
3089	Q16602
3090	O60895-PRO_0000030172
3091	Q05901-PRO_0000000383
3092	P31350
3093	O75530
3094	Q15022
3095	Q5T6S3
3096	Q92800
3097	Q96JN0
3098	Q15910
3099	Q00535
3100	Q15078
3101	O43189
3102	A6NHQ4
3103	Q9NSD9
3104	Q9Y285
3105	Q6ZN18
3106	Q92833
3107	O14972
3108	O60826
3109	Q567U6
3110	Q7Z3J2
3111	Q7Z4G1
3112	Q86VX2
3113	Q86X83
3114	Q8N668
3115	Q8TCE6
3116	Q9GZQ3
3117	Q9H0A8
3118	Q9NX08
3119	Q9P000
3120	Q9UBI1
3121	Q9Y6G5
3122	Q13617
3123	Q15369
3124	Q15370
3125	Q96L50
3126	P11182
3127	P12694
3128	P21953
3129	Q9BSK4
3130	Q9UK73
3131	Q96JP0
3132	Q9C0D3
3133	Q92624
3134	Q7Z7L7
3135	Q6PID8
3136	Q9Y2U9
3137	Q9BQ90
3138	P78395
3139	P04198
3140	Q96IJ6
3141	Q9Y5P6
3142	Q9UKA1
3143	Q9BQ52
3144	P40337
3145	Q14657
3146	Q96S44
3147	Q9BXV9
3148	Q9NPF4
3149	Q9Y3C4
3150	O00422
3151	Q15287
3152	Q9UKV3
3153	Q9H307
3154	Q504Q3
3155	Q58A45-2
3156	Q3KNV8
3157	CPX-2551
3158	CPX-2552
3159	Q969R5
3160	Q9BYE7
3161	Q9Y483
3162	Q8N1E6
3163	O60573
3164	Q6Y7W6
3165	Q86UK7
3166	O75420
3167	B1AL88
3168	Q8IZF0
3169	Q8N2C7
3170	Q9P2D8
3171	Q8N461
3172	Q8NEY8
3173	Q99549
3174	Q9UK61
3175	Q7L576
3176	Q05DH4
3177	Q86VS8
3178	Q9H8T0
3179	Q9UJC3
3180	Q8N612
3181	Q5W0V3
3182	Q96ED9
3183	A8MW99
3184	Q7Z4M0
3185	Q8IYA8
3186	O94855
3187	O94979
3188	O95486
3189	O95487
3190	P53992
3191	Q9NQW1
3192	Q9NR31
3193	Q9Y6B6
3194	O15315
3195	O43543
3196	O75771
3197	Q9Y297
3198	P28749
3199	Q12789
3200	Q8WUA4
3201	Q969F1
3202	Q9UKN8
3203	Q9Y5Q8
3204	Q9Y5Q9
3205	O15533
3206	P30101
3207	Q6P1J9
3208	Q6PD62
3209	Q8N7H5
3210	Q8WVC0
3211	Q92541
3212	Q9GZS3
3213	Q99814
3214	O15446
3215	O95602
3216	Q3B726
3217	Q9GZS1
3218	Q9H9Y6
3219	Q9P1U0
3220	P0CAP2
3221	O15318
3222	P29083
3223	P29084
3224	P18074
3225	P19447
3226	P32780
3227	Q13888
3228	Q13889
3229	Q6ZYL4
3230	Q92759
3231	A6H8Y1
3232	Q92994
3233	Q9HAW0
3234	Q00403
3235	Q9NV06
3236	Q9NPJ8
3237	Q8TEB1
3238	Q5T6F0
3239	Q8WWQ0
3240	Q9NXF7
3241	Q5H9S7
3242	P02042
3243	P11532-1
3244	Q13326
3245	Q13424
3246	Q13884
3247	Q14118-PRO_0000021065
3248	Q14118-PRO_0000021066
3249	Q14714
3250	Q16585
3251	Q16586
3252	Q92629
3253	Q9Y4J8-3
3254	P19784
3255	Q15831
3256	Q7RTN6
3257	Q9H9S4
3258	Q9H1B4
3259	Q9H4D5
3260	Q96CD0
3261	Q8NFG4
3262	Q9P278
3263	P46939
3264	Q9Y4J8-2
3265	Q15061
3266	Q8IWA0
3267	Q8TED0
3268	Q969X6
3269	Q9H583
3270	Q9H8H0
3271	O43556
3272	O60941
3273	P11532-4
3274	Q96LD1
3275	Q9NSN8
3276	P11532-2
3277	P11532-7
3278	A1L190
3279	Q15431
3280	Q6PIF2
3281	Q8IZU3
3282	Q8N0S2
3283	Q9BX26
3284	Q9BXU0
3285	O43324
3286	P07814
3287	P14868
3288	P41252
3289	P47897
3290	P54136
3291	P56192
3292	Q12904
3293	Q13155
3294	Q15046
3295	Q9P2J5
3296	Q93050
3297	P04406
3298	P41208
3299	O00566
3300	Q96G21
3301	Q9NV31
3302	O60675
3303	Q9BV44
3304	Q9UI30
3305	Q13838
3306	Q6P050
3307	O15144
3308	O15145
3309	O15511
3310	P59998
3311	P61160
3312	Q92747
3313	Q9P1U1
3314	Q9H469
3315	O00273
3316	O76075
3317	P02549
3318	P11277
3319	P26715
3320	Q5T440
3321	Q86U28
3322	Q86VN1
3323	Q96H20
3324	Q9BRG1
3325	CPX-2450
3326	CPX-2478
3327	CPX-2688
3328	O15213
3329	O43818
3330	O75691
3331	P78316
3332	Q13601
3333	Q14692
3334	Q5QJE6
3335	Q8NDD1
3336	Q8NEJ9
3337	Q92979
3338	Q9BVI4
3339	Q9BVJ6
3340	Q9H0A0
3341	Q9H6R4
3342	Q9NQZ2
3343	Q9NRX1
3344	Q9NY61
3345	Q9Y2P8
3346	Q9Y324
3347	Q9Y3A2
3348	Q9Y3A4
3349	Q9UKA2
3350	Q7L523
3351	Q9HB90
3352	P50539
3353	Q8N531
3354	Q9BW11
3355	Q99583
3356	Q9UH92
3357	Q96LI5
3358	Q9BXR5
3359	Q9HAP2
3360	Q9BVW5
3361	Q9UNS1
3362	Q9NP71
3363	Q2MV58
3364	Q5HYA8
3365	Q6NUS6
3366	Q6UX40
3367	Q86X19
3368	Q8N157
3369	Q96GX1
3370	Q96Q45
3371	Q9BPU9
3372	Q9H6L2
3373	Q9NXB0
3374	Q9P0N5
3375	Q9P2K1
3376	Q9UPM9
3377	Q9UFF9
3378	O15078
3379	Q15051
3380	Q9Y2K7
3381	O43719
3382	Q7L014
3383	O95825
3384	Q6ZMI0
3385	Q8NB37
3386	Q8TEA7
3387	Q9NQ89
3388	Q9Y6Y9
3389	P12524
3390	Q8IWI9
3391	O75461
3392	Q96ME1
3393	Q6PCT2
3394	O60814
3395	Q16695
3396	O95922
3397	Q68CL5
3398	Q6ZTW0
3399	Q8IUZ0
3400	Q9BSH3
3401	O15143
3402	P61158
3403	Q9BPX5
3404	Q13564
3405	Q8TBC4
3406	Q8TF40
3407	A5D8V7
3408	Q5T2S8
3409	Q96M63
3410	Q96NG3
3411	Q9HAE3
3412	Q5H9F3
3413	P35611
3414	P35612
3415	P46020
3416	Q16816
3417	Q0VDF9
3418	Q99543
3419	Q9UEY8
3420	Q5BKZ1
3421	Q8N163
3422	O00623
3423	O60683
3424	P28328
3425	O76094
3426	P09132
3427	P37108
3428	P49458
3429	P61011
3430	Q9UHB9
3431	URS00000478B7_9606
3432	Q9NYF8
3433	Q9Y2W1
3434	CPX-137
3435	O60524
3436	O94822
3437	Q9BQ70
3438	Q9NXK8
3439	Q9UKY4
3440	Q9Y6A1
3441	Q8WTX7
3442	A6NHX0
3443	P54727
3444	Q01831
3445	P54725
3446	P17655
3447	Q07326
3448	Q5H8A4
3449	Q8TEQ8
3450	Q9UJT9
3451	Q12788
3452	Q15269
3453	Q8NI36
3454	Q9NYH9
3455	Q9UNX4
3456	Q9Y5J1
3457	O94913
3458	Q92989
3459	P33240
3460	Q92797
3461	Q9P2I0
3462	Q9UKF6
3463	Q8TBF5
3464	Q9H3S5
3465	O95639
3466	Q10570
3467	Q6UN15
3468	Q9C0J8
3469	Q05048
3470	Q12996
3471	Q9H0L4
3472	M17910
3473	P83369
3474	Q969L4
3475	Q7Z6J9
3476	Q8NCE0
3477	Q8WW01
3478	Q9BSV6
3479	P55199
3480	Q659A1
3481	Q8N5P1
3482	Q9Y2F5
3483	O00472
3484	Q9HB65
3485	P05198
3486	P20042
3487	P41091
3488	P15170
3489	CHEBI:456215
3490	P13804
3491	P38117
3492	P42285
3493	Q6NZY4
3494	Q9Y580
3495	Q15477
3496	Q6PGP7
3497	Q8N3Z6
3498	Q8NDF8
3499	Q9UKT6
3500	Q5XG87
3501	O60293
3502	Q5T8P6
3503	Q86U42
3504	Q8IXZ2
3505	Q9P2N5
3506	Q13216
3507	Q96SW2
3508	Q66K64
3509	Q9BW61
3510	Q9Y4B6
3511	Q9UF56
3512	Q9NZJ0
3513	Q9C0C7
3514	Q96JK2
3515	Q58WW2
3516	P61962
3517	Q8N5D0
3518	Q8WV16
3519	O15259
3520	O75161
3521	Q68CZ1
3522	P13726-PRO_0000033638
3523	P00709
3524	P15291-2
3525	Q5TAQ9
3526	Q5QP82
3527	O75445
3528	Q8WXG9
3529	Q9H5P4
3530	Q9P202
3531	P53384
3532	Q9Y5Y2
3533	Q92783
3534	Q8ND04
3535	Q96Q15
3536	Q9H0W8
3537	Q9BUE6
3538	O76071
3539	Q96T76
3540	Q9H6Q4
3541	Q9Y3D0
3542	O75147
3543	Q9H0W5
3544	Q9H5X1
3545	Q8IYB8
3546	Q8TCS8
3547	Q9Y376
3548	O00541
3549	Q14137
3550	Q9GZL7
3551	P67812
3552	Q7Z4G4
3553	Q9NRN9
3554	Q9BTF0
3555	P33402
3556	CHEBI:29033
3557	Q96BT7
3558	P55210-PRO_0000004617
3559	P55210-PRO_0000004619
3560	P48506
3561	P48507
3562	Q9Y5N5
3563	Q6PJG2
3564	Q9H147
3565	Q9C0K7
3566	Q9NPI6
3567	O43709
3568	Q96IG2
3569	O75817
3570	O75818
3571	O95707
3572	P78345
3573	P78346
3574	Q969H6
3575	Q99575
3576	Q9BUL9
3577	O95059
3578	Q9H633
3579	URS000013F331_9606
3580	Q9NRA1
3581	Q9GZP0
3582	P16234
3583	P09619
3584	CHEBI:29036
3585	P00441
3586	P53611
3587	Q92696
3588	P02100
3589	P02008
3590	P69891
3591	P69892
3592	P25205
3593	P33991
3594	P33992
3595	P33993
3596	P49736
3597	Q14566
3598	O75899
3599	Q9UBS5
3600	CHEBI:18405
3601	Q99259
3602	Q05329
3603	P14618-1
3604	CHEBI:28013
3605	P63252
3606	P15382
3607	Q12809
3608	Q9Y6J6
3609	P22415
3610	Q15853
3611	Q8WYQ5
3612	Q9NRR4
3613	P14618-2
3614	P30613-2
3615	P30613-1
3616	P11166
3617	P21817
3618	O15066
3619	Q9Y496
3620	Q13319
3621	Q15078-PRO_0000004795
3622	O60896-PRO_0000030176
3623	P60484
3624	Q92736
3625	Q15413
3626	Q16787-2
3627	Q00266
3628	O60895
3629	O60896
3630	O14782
3631	Q92845
3632	O15055
3633	Q16526
3634	Q49AN0
3635	O15534
3636	P56645
3637	A0JLT2
3638	O43513
3639	O60244
3640	O75448
3641	O75586
3642	O95402
3643	Q13503
3644	Q15528
3645	Q15648
3646	Q6P2C8
3647	Q71SY5
3648	Q96G25
3649	Q96HR3
3650	Q96RN5
3651	Q9BTT4
3652	Q9BUE0
3653	Q9H204
3654	Q9H944
3655	Q9NPJ6
3656	Q9NVC6
3657	Q9NWA0
3658	Q9NX70
3659	Q9P086
3660	Q9ULK4
3661	Q9Y2X0
3662	Q9Y3C7
3663	O00327
3664	O15516
3665	Q8WYA1
3666	Q93074
3667	Q9UHV7
3668	Q9NS61
3669	Q9NZV8
3670	Q9NZI2
3671	Q9UK17
3672	Q9BWU1
3673	O14920
3674	O15111
3675	Q9Y6K9
3676	O43482
3677	Q6P0N0
3678	Q9NYP9
3679	P48544
3680	P48549
3681	P19429
3682	P45379
3683	P63316
3684	O00560
3685	P18827
3686	Q8WUM4
3687	P08238
3688	Q16543
3689	P07900
3690	Q9UKT7
3691	Q9UKC9
3692	Q13309
