Name,Term,ES,NES,NOM p-val,FDR q-val,FWER p-val,Tag %,Gene %,Lead_genes
prerank,GO:0010008,-0.6506024096385542,-2.1869158878504673,0.0,0.0,0.0,18/18,36.10%,YLR417W;YLR386W;YDR425W;YJL036W;YNL084C;YIR006C;YNR006W;YPL002C;YHL002W;YJL029C;YDR027C;YDR484W;YPL195W;YLR360W;YOR069W;YPL120W;YLR240W;YBR097W
prerank,GO:0022625,0.9990338164251203,2.0236007464481127,0.0,0.0,0.0,62/62,5.74%,YPL131W;YLR406C;YMR194W;YFR032C-A;YGL147C;YDR471W;YLR340W;YLR325C;YGL076C;YLR029C;YOL127W;YHL001W;YMR242C;YEL054C;YOL120C;YBL027W;YPL249C-A;YLR075W;YLR448W;YLR344W;YGR034W;YDR012W;YNL067W;YNL069C;YKL180W;YBL087C;YJR094W-A;YPR102C;YMR142C;YDL081C;YBR084C-A;YDR382W;YGL103W;YGL031C;YIL018W;YPL198W;YPL220W;YGL030W;YLL045C;YHR141C;YOL039W;YBL092W;YIL133C;YNL301C;YBR191W;YFR031C-A;YBR031W;YGL135W;YJL177W;YDL075W;YHL033C;YDR418W;YOR063W;YOR312C;YGR085C;YML073C;YOR234C;YER117W;YDL082W;YDL136W;YHR010W;YPL143W
prerank,GO:0030117,-0.5199258572752549,-1.9479166666666665,0.0,0.0,0.0,18/18,48.95%,YJR005W;YOL062C;YBL037W;YJL024C;YGR261C;YBR288C;YPL195W;YHL019C;YLR170C;YKL135C;YPR029C;YPL259C;YDR238C;YFR051C;YNL287W;YGL137W;YPL010W;YDL145C
prerank,GO:0002181,0.9087443531477164,1.8648825630590307,0.0,0.0,0.0,87/89,16.13%,YPL131W;YLR406C;YMR194W;YFR032C-A;YGL147C;YDR471W;YLR340W;YLR325C;YGL076C;YLR029C;YOL127W;YHL001W;YMR242C;YEL054C;YOL120C;YBL027W;YPL249C-A;YLR075W;YLR448W;YLR344W;YGR034W;YDR012W;YNL067W;YNL069C;YKL180W;YBL087C;YJR094W-A;YPR102C;YMR142C;YDL081C;YBR084C-A;YDR382W;YGL103W;YGL031C;YIL018W;YPL198W;YPL220W;YGL030W;YLL045C;YHR141C;YOL039W;YBL092W;YIL133C;YNL301C;YBR191W;YFR031C-A;YBR031W;YGL135W;YJL177W;YDL075W;YHL033C;YDR418W;YOR312C;YGR085C;YML073C;YOR234C;YER117W;YDL082W;YDL136W;YHR010W;YPL143W;YJL191W;YJR145C;YDR447C;YOL040C;YHR203C;YER131W;YER074W;YML026C;YNL096C;YLR441C;YGR027C;YML024W;YML063W;YJL190C;YGR214W;YOR096W;YNL178W;YLR367W;YLR048W;YLR264W;YMR230W;YLR287C-A;YCR031C;YDR450W;YGL189C;YIL069C
prerank,GO:0000027,0.9332348562553016,1.767298579078541,0.0,0.0,0.0,13/19,5.74%,YPL131W;YLR340W;YOL127W;YHL001W;YEL054C;YLR075W;YLR448W;YPR102C;YDR418W;YOR063W;YGR085C;YML073C;YPL143W
prerank,GO:1990904,0.8389140956604036,1.7484840961723018,0.0,0.0,0.0,194/217,29.54%,YPL131W;YLR406C;YMR194W;YFR032C-A;YGL147C;YDR471W;YLR340W;YLR325C;YGL076C;YLR029C;YOL127W;YHL001W;YMR242C;YEL054C;YOL120C;YBL027W;YPL249C-A;YLR075W;YLR448W;YLR344W;YGR034W;YDR012W;YNL067W;YNL069C;YKL180W;YBL087C;YJR094W-A;YPR102C;YMR142C;YDL081C;YBR084C-A;YDR382W;YGL103W;YGL031C;YIL018W;YPL198W;YPL220W;YGL030W;YLL045C;YHR141C;YOL039W;YBL092W;YIL133C;YNL301C;YBR191W;YFR031C-A;YBR031W;YGL135W;YJL177W;YDL075W;YHL033C;YDR418W;YOR063W;YOR312C;YGR085C;YML073C;YOR234C;YER117W;YDL082W;YDL136W;YHR010W;YPL143W;YLR147C;YGR074W;YFL017W-A;YER029C;YOR159C;YLR275W;YPR182W;YEL026W;YMR143W;YER102W;YJL191W;YBR048W;YJR145C;YDR447C;YBR189W;YOL040C;YNL302C;YBR181C;YHR203C;YER131W;YER074W;YHL015W;YHR165C;YMR116C;YBL072C;YJR123W;YML026C;YNL096C;YLR441C;YGR027C;YML024W;YGL123W;YML063W;YJL190C;YGR214W;YOR096W;YNL178W;YLR367W;YLR048W;YLR264W;YPL090C;YPL081W;YMR230W;YLR287C-A;YCR031C;YDR450W;YGL189C;YDL083C;YDR064W;YDR025W;YIL069C;YGR118W;YER112W;YNL147W;YJR022W;YBL026W;YER146W;YDR378C;YLR438C-A;YGR091W;YGR075C;YBR152W;YDL098C;YOR308C;YBR119W;YDR240C;YGR013W;YLR298C;YIL061C;YKL012W;YDR235W;YDL087C;YIR009W;YER050C;YJR101W;YBR146W;YMR158W;YBL090W;YOR158W;YGR084C;YNL081C;YMR188C;YDR175C;YDR347W;YDR337W;YIL093C;YBR251W;YNR037C;YNL306W;YHL004W;YPL118W;YGR165W;YDR041W;YPL013C;YDL045W-A;YGR215W;YGL129C;YNL137C;YJR113C;YKL003C;YML009C;YNL177C;YOR150W;YNL284C;YNL252C;YDR237W;YLR439W;YDR462W;YML025C;YKL167C;YDR322W;YBR122C;YDR116C;YNL005C;YDR405W;YKR085C;YCR046C;YBR282W;YLR312W-A;YGR076C;YGR220C;YJL063C;YKR006C;YCR071C;YMR193W;YBL038W;YHR147C;YMR024W;YMR268C;YLR197W;YDL014W;YOR310C
prerank,GO:0005669,0.9251386321626612,1.7378124804918436,0.0,0.0,0.0,15/15,8.75%,YPL129W;YMR236W;YGL112C;YBR198C;YDR145W;YDR167W;YER148W;YMR005W;YMR227C;YML098W;YML114C;YML015C;YCR042C;YGR274C;YPL011C
prerank,GO:0000124,0.916512059369202,1.7374511571868934,0.0,0.0,0.0,19/19,9.94%,YHR099W;YMR236W;YGL112C;YBR198C;YDR145W;YDR167W;YOL148C;YBR081C;YGR252W;YDR448W;YDR392W;YMR223W;YER164W;YPL254W;YDR176W;YGL066W;YCL010C;YPL047W;YLR055C
prerank,GO:0022627,0.8719165085389007,1.7301641904985325,0.0,0.0,0.0,43/43,16.23%,YMR143W;YER102W;YJL191W;YBR048W;YJR145C;YDR447C;YBR189W;YOL040C;YNL302C;YBR181C;YHR203C;YER131W;YER074W;YHL015W;YMR116C;YBL072C;YJR123W;YML026C;YNL096C;YLR441C;YGR027C;YML024W;YGL123W;YML063W;YJL190C;YGR214W;YOR096W;YNL178W;YLR367W;YLR048W;YLR264W;YPL090C;YPL081W;YMR230W;YLR287C-A;YCR031C;YDR450W;YGL189C;YDL083C;YDR064W;YDR025W;YIL069C;YGR118W
prerank,GO:0003735,0.8322649572649548,1.7257385499828453,0.0,0.0,0.0,161/161,28.99%,YPL131W;YLR406C;YMR194W;YFR032C-A;YGL147C;YDR471W;YLR340W;YLR325C;YGL076C;YLR029C;YOL127W;YHL001W;YMR242C;YEL054C;YOL120C;YBL027W;YPL249C-A;YLR075W;YLR448W;YLR344W;YGR034W;YDR012W;YNL067W;YNL069C;YKL180W;YBL087C;YJR094W-A;YPR102C;YMR142C;YDL081C;YBR084C-A;YDR382W;YGL103W;YGL031C;YIL018W;YPL198W;YPL220W;YGL030W;YLL045C;YHR141C;YOL039W;YBL092W;YIL133C;YNL301C;YBR191W;YFR031C-A;YBR031W;YGL135W;YJL177W;YDL075W;YHL033C;YDR418W;YOR063W;YOR312C;YGR085C;YML073C;YOR234C;YER117W;YDL082W;YDL136W;YHR010W;YPL143W;YMR143W;YER102W;YJL191W;YBR048W;YJR145C;YDR447C;YBR189W;YOL040C;YNL302C;YBR181C;YHR203C;YER131W;YER074W;YHL015W;YBL072C;YJR123W;YML026C;YNL096C;YLR441C;YGR027C;YML024W;YGL123W;YML063W;YJL190C;YGR214W;YOR096W;YNL178W;YLR367W;YLR048W;YLR264W;YPL090C;YPL081W;YMR230W;YLR287C-A;YCR031C;YDR450W;YGL189C;YDL083C;YDR064W;YDR025W;YIL069C;YGR118W;YER050C;YJR101W;YBR146W;YMR158W;YBL090W;YOR158W;YGR084C;YKL155C;YNL081C;YMR188C;YDR175C;YDR347W;YDR337W;YIL093C;YBR251W;YNR037C;YNL306W;YHL004W;YPL118W;YFR049W;YGR165W;YDR041W;YPL013C;YDL045W-A;YGR215W;YGL129C;YNL137C;YJR113C;YKL003C;YML009C;YNL177C;YOR150W;YNL284C;YNL252C;YDR237W;YLR439W;YDR462W;YML025C;YKL167C;YDR322W;YBR122C;YDR116C;YNL005C;YDR405W;YKR085C;YCR046C;YBR282W;YLR312W-A;YGR076C;YGR220C;YJL063C;YKR006C;YCR071C;YMR193W;YBL038W;YHR147C;YMR024W
prerank,GO:0042273,0.9251682049898533,1.7241664690068488,0.0,0.0,0.0,8/15,5.74%,YGL076C;YHL001W;YLR344W;YGR034W;YPL198W;YFR031C-A;YOR234C;YPL143W
prerank,GO:0005840,0.8295691168963771,1.7202372945753157,0.0,0.0,0.0,160/163,28.99%,YPL131W;YLR406C;YMR194W;YFR032C-A;YGL147C;YDR471W;YLR340W;YLR325C;YGL076C;YLR029C;YOL127W;YHL001W;YMR242C;YEL054C;YOL120C;YBL027W;YPL249C-A;YLR075W;YLR448W;YLR344W;YGR034W;YDR012W;YNL067W;YNL069C;YKL180W;YBL087C;YJR094W-A;YPR102C;YMR142C;YDL081C;YBR084C-A;YDR382W;YGL103W;YGL031C;YIL018W;YPL198W;YPL220W;YGL030W;YLL045C;YHR141C;YOL039W;YBL092W;YIL133C;YNL301C;YBR191W;YFR031C-A;YBR031W;YGL135W;YJL177W;YDL075W;YHL033C;YDR418W;YOR063W;YOR312C;YGR085C;YML073C;YOR234C;YER117W;YDL082W;YDL136W;YHR010W;YPL143W;YMR143W;YER102W;YJL191W;YBR048W;YJR145C;YDR447C;YBR189W;YOL040C;YNL302C;YBR181C;YHR203C;YER131W;YER074W;YHL015W;YMR116C;YBL072C;YJR123W;YML026C;YNL096C;YLR441C;YGR027C;YML024W;YGL123W;YML063W;YJL190C;YGR214W;YOR096W;YNL178W;YLR367W;YLR048W;YLR264W;YPL090C;YPL081W;YMR230W;YLR287C-A;YCR031C;YDR450W;YGL189C;YDL083C;YDR064W;YDR025W;YIL069C;YGR118W;YER050C;YJR101W;YBR146W;YMR158W;YBL090W;YOR158W;YGR084C;YNL081C;YMR188C;YDR175C;YDR347W;YDR337W;YIL093C;YBR251W;YNR037C;YNL306W;YHL004W;YPL118W;YGR165W;YDR041W;YPL013C;YDL045W-A;YGR215W;YGL129C;YNL137C;YJR113C;YKL003C;YML009C;YNL177C;YOR150W;YNL284C;YNL252C;YDR237W;YLR439W;YDR462W;YML025C;YKL167C;YDR322W;YBR122C;YDR116C;YNL005C;YDR405W;YKR085C;YCR046C;YBR282W;YLR312W-A;YGR076C;YGR220C;YJL063C;YKR006C;YCR071C;YMR193W;YBL038W;YHR147C;YMR024W
prerank,GO:0046695,0.9167437557816839,1.7154190624576722,0.0,0.0,0.0,16/16,9.66%,YHR099W;YMR236W;YGL112C;YBR198C;YDR145W;YDR167W;YOL148C;YBR081C;YGR252W;YDR448W;YDR392W;YMR223W;YER164W;YPL254W;YDR176W;YGL066W
prerank,GO:0035267,0.9028677150786308,1.689636916026162,0.0,0.0,0.0,16/16,11.03%,YJL081C;YFL039C;YHR099W;YJR082C;YPR034W;YPL235W;YDR190C;YGR002C;YNL107W;YPR023C;YHR090C;YEL018W;YDR359C;YNL136W;YOR244W;YFL024C
prerank,GO:0005934,-0.41280148423005564,-1.6635514018691586,0.0,0.0,0.0,19/19,59.53%,YLR342W;YDR388W;YMR192W;YPL249C;YBR109C;YER149C;YLL021W;YGR238C;YHR158C;YGL190C;YAL016W;YBR102C;YDR166C;YJL085W;YER008C;YIL068C;YPR055W;YGL233W;YAR014C
prerank,GO:0005085,-0.4474418604651163,-1.6586206896551723,0.0,0.0,0.0,22/22,56.24%,YDR137W;YNL297C;YDL100C;YLR039C;YAL024C;YKL081W;YDR477W;YDR211W;YGR083C;YAL003W;YPL048W;YKR026C;YLR291C;YOR260W;YDL077C;YMR218C;YKR068C;YDR472W;YGR166W;YDR407C;YDR246W;YML077W
prerank,GO:0015934,0.875406022152658,1.6551473870276687,0.0,0.0,0.0,14/17,5.01%,YMR242C;YBL027W;YLR344W;YGR034W;YNL069C;YKL180W;YBR084C-A;YGL103W;YPL220W;YIL133C;YBR191W;YGL135W;YJL177W;YOR312C
prerank,GO:0046540,0.8346413432169609,1.6318999341309592,0.0,5.3665044259748355e-05,0.001,27/28,18.41%,YLR147C;YGR074W;YFL017W-A;YER029C;YOR159C;YLR275W;YPR182W;YEL026W;YER172C;YHR165C;YPR082C;YKL173W;YER112W;YNL147W;YJR022W;YBL026W;YER146W;YDR378C;YLR438C-A;YGR091W;YDR473C;YPR178W;YGR075C;YBR152W;YBR055C;YDL098C;YOR308C
prerank,GO:0016251,0.8619464673731684,1.6253511067901065,0.0,5.00873746424318e-05,0.001,13/16,8.66%,YPL129W;YMR236W;YGL112C;YBR198C;YDR167W;YER148W;YMR005W;YMR227C;YML098W;YML114C;YML015C;YCR042C;YGR274C
prerank,GO:0005886,-0.505586592178771,-1.5970588235294119,0.0,0.0,0.0,23/23,50.59%,YLR342W;YNL084C;YJL005W;YIR006C;YMR192W;YPL249C;YLL010C;YHR064C;YPL004C;YGR086C;YGR167W;YJR005W;YIL033C;YBL037W;YAL024C;YGL208W;YGL115W;YKL135C;YJR065C;YJL085W;YER008C;YPR055W;YGL233W
prerank,GO:0006338,0.7892253669779439,1.596555273720634,0.0,4.695691372727981e-05,0.001,52/66,19.78%,YPL129W;YJL081C;YJR082C;YPR034W;YGR275W;YMR033W;YPL235W;YDR190C;YGR002C;YNL107W;YPR023C;YGR274C;YGR252W;YDR448W;YER164W;YDR176W;YLR052W;YNL059C;YOR141C;YDL002C;YFL013C;YGL150C;YHR090C;YFL024C;YBR289W;YFL049W;YOR290C;YHL025W;YJL176C;YPL016W;YNR023W;YPR031W;YML041C;YLR385C;YAL011W;YDR334W;YLR085C;YDR485C;YBR231C;YGR056W;YLR033W;YMR091C;YLR321C;YML127W;YFR037C;YIL126W;YLR357W;YDR303C;YCR052W;YKR008W;YHR056C;YPL139C
prerank,GO:0006412,0.7698870257131628,1.5961099389302416,0.0,4.419474233155747e-05,0.001,125/155,28.90%,YPL131W;YLR406C;YMR194W;YFR032C-A;YGL147C;YDR471W;YLR325C;YLR029C;YOL127W;YHL001W;YMR242C;YEL054C;YOL120C;YBL027W;YPL249C-A;YLR075W;YLR448W;YLR344W;YGR034W;YDR012W;YNL067W;YNL069C;YKL180W;YBL087C;YJR094W-A;YPR102C;YMR142C;YBR084C-A;YGL103W;YIL018W;YPL220W;YHR141C;YBL092W;YIL133C;YNL301C;YBR191W;YFR031C-A;YBR031W;YGL135W;YJL177W;YDL075W;YDR418W;YOR063W;YOR312C;YGR085C;YML073C;YOR234C;YER117W;YDL082W;YDL136W;YHR010W;YPL143W;YMR143W;YER102W;YJL191W;YBR048W;YJR145C;YDR447C;YBR189W;YOL040C;YNL302C;YBR181C;YHR203C;YER131W;YER074W;YHL015W;YBL072C;YJR123W;YML026C;YNL096C;YLR441C;YML024W;YGL123W;YML063W;YJL190C;YGR214W;YOR096W;YNL178W;YLR367W;YLR048W;YLR264W;YPL090C;YPL081W;YLR287C-A;YCR031C;YDR450W;YGL189C;YDL083C;YDR064W;YDR025W;YIL069C;YGR118W;YER050C;YBR146W;YMR158W;YBL090W;YKL155C;YNL081C;YMR188C;YDR337W;YBR251W;YNR037C;YNL306W;YHL004W;YDR041W;YPL013C;YJR113C;YKL003C;YML009C;YNL177C;YOR150W;YNL284C;YDR237W;YLR439W;YML025C;YDR116C;YNL005C;YDR405W;YCR046C;YBR282W;YGR220C;YJL063C;YCR071C;YBL038W;YHR147C
prerank,GO:0000398,0.7901431510782713,1.5943591434077837,0.0,4.173947886869316e-05,0.001,45/54,22.24%,YLR147C;YGR074W;YFL017W-A;YER029C;YOR159C;YLR275W;YPR182W;YEL026W;YHR165C;YPR082C;YKL173W;YER112W;YNL147W;YJR022W;YBL026W;YER146W;YDR378C;YLR438C-A;YGR091W;YDR473C;YPR178W;YBR152W;YBR055C;YDL098C;YOR308C;YBR119W;YMR125W;YDR240C;YGR013W;YHR086W;YLR298C;YIL061C;YLR116W;YPL178W;YKL012W;YDR235W;YOR319W;YMR288W;YJL203W;YML049C;YDL030W;YNL286W;YPL213W;YIR009W;YMR240C
prerank,GO:0005681,0.7818333758693281,1.5686022880954906,0.0,7.908532838278705e-05,0.002,38/48,22.06%,YLR147C;YFL017W-A;YOR159C;YLR275W;YPR182W;YEL026W;YER172C;YHR165C;YPR082C;YER112W;YNL147W;YJR022W;YBL026W;YER146W;YDR378C;YLR438C-A;YGR091W;YDR473C;YPR178W;YGR075C;YBR152W;YBR055C;YDL098C;YOR308C;YBR119W;YDR240C;YGR013W;YHR086W;YIL061C;YDR235W;YDL087C;YMR288W;YJL203W;YML049C;YDL030W;YDL043C;YNL286W;YPL213W
prerank,GO:0008380,0.7711039308962268,1.563941251687443,0.0,7.51310619636477e-05,0.002,50/63,22.42%,YLR147C;YGR074W;YFL017W-A;YER029C;YOR159C;YLR275W;YPR182W;YMR223W;YEL026W;YER172C;YHR165C;YPR082C;YKL173W;YER112W;YNL147W;YJR022W;YBL026W;YER146W;YDR378C;YLR438C-A;YGR091W;YDR473C;YPR178W;YGR075C;YBR152W;YBR055C;YDL098C;YOR308C;YBR119W;YMR125W;YDR240C;YGR013W;YHR086W;YIL061C;YLR116W;YPL178W;YKL012W;YDR235W;YML046W;YKL074C;YDL087C;YMR288W;YJL203W;YML049C;YDL030W;YDL043C;YNL286W;YPL213W;YIR009W;YBL074C
prerank,GO:0031965,-0.4375578168362627,-1.5610561056105607,0.0,0.0,0.0,16/16,56.97%,YMR153W;YBL079W;YBR170C;YIL115C;YOR254C;YJL061W;YGL172W;YGR119C;YFR002W;YDR477W;YJL041W;YJR042W;YGL100W;YGL092W;YDL116W;YKL057C
prerank,GO:0071004,0.7877598752106449,1.5433487947123925,0.0,0.00014310678469266227,0.004,27/29,22.24%,YLR147C;YGR074W;YFL017W-A;YER029C;YOR159C;YLR275W;YNL147W;YBR119W;YDR240C;YGR013W;YHR086W;YLR298C;YIL061C;YKL012W;YDR235W;YML046W;YKL074C;YDL087C;YOR319W;YMR288W;YJL203W;YML049C;YDL030W;YDL043C;YPL213W;YIR009W;YMR240C
prerank,GO:0016586,0.8166666666666667,1.53889957051983,0.0,0.00017075241355374475,0.005,17/17,19.60%,YPR034W;YGR275W;YMR033W;YFL049W;YGR056W;YLR033W;YMR091C;YCR020W-B;YLR321C;YML127W;YFR037C;YIL126W;YLR357W;YDR303C;YCR052W;YKR008W;YHR056C
prerank,GO:0006325,0.7469698230871932,1.5371300812640618,0.0,0.0001959940746877766,0.006,66/110,23.34%,YJL081C;YHR099W;YMR236W;YGL112C;YBR198C;YDR145W;YDR167W;YJR082C;YPR034W;YMR033W;YPL235W;YDR190C;YGR002C;YNL107W;YPR023C;YGR274C;YOL148C;YBR081C;YGR252W;YDR448W;YDR392W;YER164W;YPL254W;YDR176W;YGL066W;YCL010C;YPL047W;YLR055C;YHR090C;YEL018W;YDR359C;YNL136W;YOR244W;YFL049W;YBL052C;YML041C;YLR385C;YAL011W;YDR334W;YLR085C;YDR485C;YBR231C;YGR056W;YLR033W;YMR091C;YLR321C;YML127W;YFR037C;YIL126W;YLR357W;YDR303C;YCR052W;YKR008W;YHR056C;YNL330C;YPL139C;YOL004W;YMR075W;YDR207C;YAL013W;YNL097C;YMR263W;YBR095C;YPL181W;YIL084C;YDL076C
prerank,GO:0006337,0.8142419393782228,1.533829280107319,0.0,0.0002191322640606391,0.007,16/17,19.60%,YPR034W;YGR275W;YMR033W;YGR056W;YLR033W;YMR091C;YCR020W-B;YLR321C;YML127W;YFR037C;YIL126W;YLR357W;YDR303C;YCR052W;YKR008W;YHR056C
prerank,GO:0000462,0.7771645483254352,1.5203772006845973,0.0,0.0003005242478545908,0.01,20/33,16.23%,YEL026W;YMR143W;YER102W;YJL191W;YBR048W;YBR189W;YBR181C;YER074W;YHL015W;YBL072C;YLR441C;YML063W;YPL090C;YPL081W;YCR031C;YDL083C;YDR064W;YDR025W;YIL069C;YGR118W
prerank,GO:0005685,0.7990740740740736,1.5117220701561032,0.0,0.00037565530981823847,0.013,17/17,21.33%,YLR147C;YGR074W;YFL017W-A;YER029C;YOR159C;YLR275W;YPR182W;YBR119W;YDR240C;YGR013W;YHR086W;YLR298C;YIL061C;YKL012W;YDR235W;YML046W;YDL087C
prerank,GO:0032258,-0.46851851851851856,-1.5104477611940297,0.0,0.0,0.0,17/17,53.97%,YLR417W;YJL036W;YBR128C;YPL120W;YDR080W;YDL029W;YNL041C;YNL051W;YGL223C;YER157W;YPR105C;YGL005C;YML071C;YGR120C;YDR108W;YMR218C;YKR068C
prerank,GO:0032543,0.746883988494726,1.5014917757773973,0.0,0.0004730474271785225,0.016,54/54,28.99%,YER050C;YJR101W;YBR146W;YMR158W;YBL090W;YOR158W;YGR084C;YKL155C;YNL081C;YMR188C;YDR175C;YDR347W;YDR337W;YIL093C;YBR251W;YNR037C;YNL306W;YHL004W;YPL118W;YGR165W;YDR041W;YPL013C;YDL045W-A;YGR215W;YGL129C;YNL137C;YJR113C;YKL003C;YML009C;YNL177C;YOR150W;YNL284C;YNL252C;YDR237W;YLR439W;YDR462W;YML025C;YKL167C;YBR122C;YDR116C;YDR405W;YKR085C;YCR046C;YBR282W;YLR312W-A;YGR076C;YGR220C;YJL063C;YKR006C;YCR071C;YMR193W;YBL038W;YHR147C;YMR024W
prerank,GO:0007035,-0.4417744916820702,-1.499215891270256,0.0,0.0,0.0,15/15,56.52%,YKL119C;YMR205C;YDR202C;YJR033C;YDR328C;YOR270C;YOR332W;YBR127C;YGR020C;YLR447C;YKL080W;YDL185W;YEL051W;YHR039C-A;YPR036W
prerank,GO:0000139,-0.4077212806026365,-1.4931034482758623,0.0,0.0,0.0,35/35,60.62%,YDR141C;YDR137W;YDR517W;YER083C;YNL297C;YLR039C;YEL036C;YJL183W;YPL050C;YHL019C;YOR069W;YPR029C;YDR245W;YDR238C;YFR051C;YNL287W;YGL137W;YPL010W;YDL145C;YIL076W;YNL041C;YNL051W;YGL223C;YER122C;YER157W;YPR105C;YGL005C;YML071C;YGR120C;YML067C;YIL109C;YML012W;YPR181C;YGL200C;YAL042W
prerank,GO:0006974,0.7345607273734667,1.4857982274470347,0.0,0.0008854732302858479,0.031,15/66,11.03%,YJL081C;YJR082C;YPL235W;YDR190C;YGR002C;YNL107W;YPR023C;YOR141C;YGL150C;YHR090C;YEL018W;YDR359C;YNL136W;YOR244W;YFL024C
prerank,GO:0003690,-0.4198331788693235,-1.4833005893909625,0.0,0.0,0.0,18/18,58.80%,YMR106C;YOL072W;YMR284W;YDR227W;YNL082W;YCR092C;YJL173C;YJL074C;YAR007C;YNL312W;YFL008W;YFR031C;YPR175W;YBR278W;YNL262W;YJR084W;YDR121W;YHR081W
prerank,GO:0005686,0.7883548983364138,1.47126028010203,0.002008032128514056,0.0012176413490660144,0.045,15/15,22.24%,YLR147C;YGR074W;YFL017W-A;YER029C;YOR159C;YLR275W;YPR182W;YOR319W;YMR288W;YJL203W;YML049C;YDL043C;YNL286W;YPL213W;YMR240C
prerank,GO:0005763,0.7549111318989713,1.4698189904513552,0.0,0.0011770533040971474,0.045,28/28,26.44%,YER050C;YJR101W;YBR146W;YMR158W;YBL090W;YOR158W;YGR084C;YKL155C;YNL081C;YMR188C;YDR175C;YDR347W;YDR337W;YIL093C;YBR251W;YNR037C;YNL306W;YHL004W;YPL118W;YGR165W;YDR041W;YPL013C;YDL045W-A;YGR215W;YGL129C;YNL137C;YJR113C;YKL003C
prerank,GO:0071013,0.7807826670783116,1.4676770270243225,0.0,0.0012602629748740904,0.05,15/16,22.24%,YLR147C;YGR074W;YFL017W-A;YER029C;YLR275W;YPR182W;YHR165C;YNL147W;YBL026W;YLR438C-A;YBR055C;YMR288W;YJL203W;YDL043C;YMR240C
prerank,GO:0006914,-0.4031510658016682,-1.45,0.0,0.0,0.0,18/18,60.44%,YIL153W;YBR128C;YGL115W;YPL120W;YLR240W;YBR097W;YGL145W;YDL077C;YER157W;YDR108W;YMR218C;YKR068C;YOR115C;YBR254C;YDR472W;YDR246W;YML077W;YPL085W
prerank,GO:0042393,0.7459169740906311,1.4495292069758083,0.0,0.001972190376545752,0.077,12/26,19.78%,YPL129W;YJL081C;YNL107W;YER164W;YGL150C;YOR290C;YJL176C;YDR334W;YDR485C;YFR037C;YIL126W;YPL139C
prerank,GO:0006281,0.705819311528593,1.4332797168607714,0.0,0.00293694151312441,0.116,16/72,11.03%,YJL081C;YFL039C;YHR099W;YJR082C;YPL235W;YDR190C;YGR002C;YNL107W;YPR023C;YGL150C;YHR090C;YEL018W;YDR359C;YNL136W;YOR244W;YFL024C
prerank,GO:0046982,0.737002087768902,1.4233655131099292,0.0,0.00366816361351927,0.144,8/25,9.21%,YMR236W;YGL112C;YDR145W;YML098W;YML015C;YPL011C;YBR081C;YDR392W
prerank,GO:0060090,0.7459874017767649,1.4149381952653657,0.001,0.004271737523075969,0.17,7/17,9.30%,YMR236W;YGL112C;YBR198C;YDR145W;YDR167W;YGR274C;YMR223W
prerank,GO:0005762,0.7287184284377918,1.4138139008593673,0.0,0.004215687365738009,0.172,28/28,28.99%,YML009C;YNL177C;YOR150W;YNL284C;YNL252C;YDR237W;YLR439W;YDR462W;YML025C;YKL167C;YDR322W;YBR122C;YDR116C;YNL005C;YDR405W;YKR085C;YCR046C;YBR282W;YLR312W-A;YGR076C;YGR220C;YJL063C;YKR006C;YCR071C;YMR193W;YBL038W;YHR147C;YMR024W
prerank,GO:0030686,0.7098224358046824,1.4113647020708457,0.0,0.004304806793592787,0.179,21/40,16.04%,YLR340W;YMR143W;YER102W;YBR048W;YJR145C;YBR189W;YHR203C;YER131W;YBL072C;YJR123W;YLR441C;YML063W;YGR214W;YOR096W;YNL178W;YPL090C;YPL081W;YCR031C;YGL189C;YDR064W;YDR025W
prerank,GO:0015935,0.7530064754856616,1.4105202527525347,0.003009027081243731,0.0043101503968618945,0.183,16/16,25.80%,YBR189W;YOL040C;YHL015W;YJR123W;YML026C;YGL123W;YGR214W;YNL178W;YLR048W;YPL081W;YDR450W;YGR118W;YBR146W;YNL081C;YHL004W;YDR041W
prerank,GO:0003682,0.6995522107528239,1.4082434576540552,0.0,0.004507863717818862,0.194,24/57,19.51%,YJL081C;YMR236W;YGL112C;YBR198C;YDR145W;YDR167W;YPR034W;YER148W;YMR005W;YML015C;YCR042C;YGR274C;YPL011C;YDR448W;YER164W;YDR359C;YOR244W;YOR290C;YBL052C;YGR056W;YCR020W-B;YIL126W;YLR357W;YKR008W
prerank,GO:0019843,0.7198634523101757,1.3956104354386123,0.001001001001001001,0.005803874536691784,0.24,24/26,28.90%,YPL131W;YGL147C;YOL127W;YNL067W;YPR102C;YIL018W;YFR031C-A;YGR085C;YBR048W;YJR145C;YBR189W;YHR203C;YJR123W;YML026C;YPL081W;YDR450W;YDR025W;YMR188C;YDR337W;YNL137C;YJR113C;YKL003C;YBL038W;YHR147C
prerank,GO:0000049,-0.4168207024029575,-1.3733252131546891,0.0,0.0,0.0,15/15,58.98%,YPL169C;YDL201W;YOL124C;YFL022C;YGL105W;YML036W;YMR312W;YLR384C;YHR187W;YPL101W;YPL086C;YHR196W;YGR128C;YER025W;YOL021C
prerank,GO:0016592,0.6984126984126983,1.3688801421688102,0.001001001001001001,0.010335102182316416,0.396,26/26,31.81%,YPL129W;YBR253W;YOL135C;YNL236W;YGL151W;YCR081W;YGL127C;YPR070W;YDR308C;YBR193C;YDL005C;YNR010W;YDR443C;YOR174W;YGL025C;YHR058C;YBL093C;YMR112C;YLR071C;YPR168W;YER022W;YOL051W;YGR104C;YNL025C;YPL042C;YHR041C
prerank,GO:0004386,0.7281541101747576,1.3534495176225625,0.014112903225806451,0.013595144545802917,0.497,7/15,22.61%,YPL235W;YDR190C;YOR290C;YER172C;YDR334W;YIL126W;YPL082C
prerank,GO:0006303,0.714519558067578,1.349081900039536,0.010040160642570281,0.014746654952864802,0.534,5/16,19.87%,YGR056W;YFR037C;YLR357W;YHR056C;YOL004W
prerank,GO:0005737,0.642122272907991,1.3479402894405361,0.0,0.01473593328968817,0.54,131/495,17.59%,YPL131W;YLR406C;YMR194W;YFR032C-A;YGL147C;YDR471W;YLR340W;YLR325C;YGL076C;YLR029C;YOL127W;YHL001W;YMR242C;YEL054C;YOL120C;YBL027W;YPL249C-A;YLR075W;YLR448W;YLR344W;YGR034W;YDR012W;YNL067W;YNL069C;YKL180W;YBL087C;YJR094W-A;YPR102C;YMR142C;YDL081C;YBR084C-A;YDR382W;YGL103W;YGL031C;YIL018W;YPL198W;YPL220W;YGL030W;YLL045C;YHR141C;YOL039W;YBL092W;YIL133C;YNL301C;YBR191W;YFR031C-A;YBR031W;YGL135W;YJL177W;YDL075W;YHL033C;YDR418W;YOR063W;YOR312C;YGR085C;YML073C;YOR234C;YER117W;YDL082W;YDL136W;YHR010W;YPL143W;YFL039C;YGL112C;YLR147C;YGR074W;YFL017W-A;YER029C;YOR159C;YLR275W;YPR182W;YNL107W;YGR252W;YDR392W;YGL066W;YNL059C;YOR141C;YGL252C;YMR143W;YER102W;YJL191W;YBR048W;YJR145C;YDR447C;YBR189W;YOL040C;YNL302C;YBR181C;YHR203C;YER131W;YER074W;YHL015W;YMR116C;YBL072C;YJR123W;YML026C;YNL096C;YLR441C;YGR027C;YML024W;YGL123W;YML063W;YJL190C;YGR214W;YOR096W;YNL178W;YLR367W;YLR048W;YLR264W;YPL090C;YPL081W;YMR230W;YLR287C-A;YCR031C;YDR450W;YGL189C;YDL083C;YDR064W;YDR025W;YIL069C;YGR118W;YER112W;YNL147W;YJR022W;YBL026W;YER146W;YPR031W;YDR378C;YLR438C-A;YLR085C;YDR485C
prerank,GO:0003723,0.6433659826171323,1.3373007726200918,0.0,0.017447102167113746,0.609,96/189,25.25%,YPL131W;YMR194W;YGL076C;YLR029C;YOL127W;YHL001W;YEL054C;YOL120C;YBL027W;YPL249C-A;YLR448W;YLR344W;YGR034W;YDR012W;YNL069C;YPR102C;YMR142C;YBR084C-A;YGL103W;YGL031C;YIL018W;YPL198W;YPL220W;YGL030W;YLL045C;YIL133C;YNL301C;YFR031C-A;YBR031W;YGL135W;YHL033C;YDR418W;YOR063W;YGR085C;YML073C;YDL082W;YLR147C;YGR074W;YFL017W-A;YER029C;YOR159C;YLR275W;YPR182W;YEL026W;YMR143W;YBR048W;YJR145C;YBR189W;YOL040C;YNL302C;YHR203C;YHL015W;YHR165C;YJR123W;YML026C;YGL123W;YNL178W;YPL081W;YMR230W;YDR450W;YDL083C;YDR025W;YER112W;YNL147W;YJR022W;YBL026W;YER146W;YDR378C;YLR438C-A;YGR091W;YBR152W;YBR119W;YMR125W;YDR240C;YGR013W;YHR086W;YLR298C;YIL061C;YLR116W;YPL178W;YKL012W;YDR235W;YKL074C;YOR319W;YJL203W;YDL030W;YDL043C;YNL286W;YIR009W;YMR240C;YBR146W;YNL081C;YMR188C;YDR337W;YBR251W;YNR037C
prerank,GO:0070847,0.6945218198700093,1.3354890380171887,0.008008008008008008,0.017606801042785263,0.618,20/20,31.81%,YBR253W;YOL135C;YNL236W;YGL127C;YPR070W;YDR308C;YBR193C;YDL005C;YNR010W;YOR174W;YGL025C;YHR058C;YBL093C;YMR112C;YLR071C;YPR168W;YER022W;YOL051W;YGR104C;YHR041C
prerank,GO:0045944,0.6536099234048274,1.334993277514335,0.0,0.017408026910300498,0.622,49/79,31.81%,YHR099W;YPR034W;YMR033W;YGR252W;YCL010C;YLR055C;YGL150C;YGL252C;YBR289W;YDR073W;YOR290C;YHL025W;YJL176C;YPL016W;YNR023W;YIL126W;YDR303C;YHR056C;YNL330C;YPL139C;YOL004W;YMR075W;YDR207C;YAL013W;YNL097C;YMR263W;YIL084C;YBR253W;YOL135C;YNL236W;YCR081W;YPR070W;YDR308C;YBR193C;YDL005C;YNR010W;YDR443C;YGL025C;YHR058C;YBL093C;YMR112C;YLR071C;YPR168W;YER022W;YOL051W;YGR104C;YNL025C;YPL042C;YHR041C
prerank,GO:0051123,0.6919500353319802,1.3335098921656032,0.004004004004004004,0.017483624211123847,0.636,21/23,31.81%,YMR236W;YGL112C;YDR145W;YDR167W;YER148W;YMR227C;YML098W;YML015C;YGR274C;YNL236W;YDL005C;YNR010W;YGL025C;YHR058C;YBL093C;YMR112C;YPR168W;YER022W;YOL051W;YGR104C;YHR041C
prerank,GO:0003713,0.6862308807273131,1.3311219570246737,0.004,0.018046787741063944,0.654,22/24,31.81%,YMR236W;YGL112C;YDR448W;YPL254W;YDR176W;YPL047W;YNL330C;YOL004W;YOL135C;YCR081W;YGL127C;YDR308C;YDL005C;YNR010W;YDR443C;YGL025C;YHR058C;YBL093C;YMR112C;YOL051W;YGR104C;YHR041C
prerank,GO:0003712,0.6711754868556334,1.3280201643312974,0.002,0.01885789655287557,0.676,30/34,31.81%,YOL148C;YGR252W;YDR392W;YPL254W;YLR055C;YOR244W;YBL052C;YLR321C;YMR263W;YBR253W;YOL135C;YGL151W;YCR081W;YGL127C;YPR070W;YDR308C;YBR193C;YNR010W;YDR443C;YOR174W;YGL025C;YHR058C;YBL093C;YMR112C;YLR071C;YPR168W;YER022W;YOL051W;YGR104C;YHR041C
prerank,GO:0070210,0.7016770278717059,1.320690140884178,0.01805416248746239,0.021066160511375727,0.711,11/17,23.34%,YNL330C;YPL139C;YOL004W;YDR207C;YAL013W;YNL097C;YMR263W;YBR095C;YPL181W;YIL084C;YDL076C
prerank,GO:0006357,0.6337017540627272,1.2998170690407367,0.0,0.03039918353298361,0.831,57/90,31.81%,YPL129W;YJL081C;YPR034W;YMR033W;YPL235W;YDR190C;YNL107W;YPR023C;YOL148C;YBR081C;YDR448W;YDR392W;YPL254W;YDR176W;YGL066W;YPL047W;YLR055C;YGL150C;YNL136W;YOR244W;YFL024C;YGL252C;YOR290C;YPL016W;YPR031W;YBL052C;YLR033W;YLR321C;YML127W;YNL330C;YOL004W;YMR075W;YPL082C;YAL013W;YBR253W;YOL135C;YGL151W;YCR081W;YGL127C;YPR070W;YDR308C;YBR193C;YNR010W;YDR443C;YOR174W;YGL025C;YHR058C;YBL093C;YMR112C;YLR071C;YPR168W;YER022W;YOL051W;YGR104C;YNL025C;YPL042C;YHR041C
prerank,GO:0032991,0.6649144681682735,1.2967636036817034,0.003,0.031441640648183125,0.85,12/28,21.15%,YPL129W;YHL001W;YLR344W;YGR034W;YFL017W-A;YER029C;YOR159C;YNL147W;YJR022W;YBR055C;YDR235W;YML046W
prerank,GO:0000428,0.6522284395248558,1.2854500644731457,0.007,0.03702291775653083,0.896,31/32,36.19%,YBR154C;YPR187W;YHR143W-A;YOR210W;YOR224C;YNL113W;YPR110C;YJL011C;YPR190C;YDR045C;YKR025W;YOR207C;YDL150W;YNR003C;YKL144C;YOR116C;YNL151C;YJL148W;YDR156W;YNL248C;YPR010C;YOR340C;YJR063W;YOR341W;YJL140W;YDL140C;YOR151C;YOL005C;YDR404C;YGL070C;YIL021W
prerank,GO:0005666,0.6824074074074069,1.2794444152290971,0.040160642570281124,0.03957797014156441,0.912,17/17,32.82%,YBR154C;YPR187W;YHR143W-A;YOR210W;YOR224C;YNL113W;YPR110C;YJL011C;YPR190C;YDR045C;YKR025W;YOR207C;YDL150W;YNR003C;YKL144C;YOR116C;YNL151C
prerank,GO:0042797,0.6824074074074069,1.2794444152290971,0.040160642570281124,0.03957797014156441,0.912,17/17,32.82%,YBR154C;YPR187W;YHR143W-A;YOR210W;YOR224C;YNL113W;YPR110C;YJL011C;YPR190C;YDR045C;YKR025W;YOR207C;YDL150W;YNR003C;YKL144C;YOR116C;YNL151C
prerank,GO:0061630,-0.3754646840148699,-1.2771338250790305,0.0,0.08819206271435572,0.029166666666666667,21/21,63.26%,YDL013W;YCR066W;YDL074C;YDR054C;YDL132W;YDR328C;YIL097W;YDR255C;YLL036C;YLR005W;YMR231W;YGL240W;YHR166C;YBL084C;YOR249C;YKL022C;YLR127C;YLR102C;YNL172W;YDR118W;YKL059C
prerank,GO:0003743,-0.41427247451343835,-1.2735042735042734,0.0,0.0921292083712466,0.03333333333333333,18/18,59.34%,YOL139C;YGR162W;YDR211W;YGR083C;YKR026C;YLR291C;YOR260W;YDR429C;YLR192C;YBR079C;YNL244C;YER025W;YJR007W;YPL237W;YPR041W;YOR361C;YMR309C;YMR146C
prerank,GO:0006366,0.6317761281415807,1.272499062316891,0.002,0.043681463043426044,0.937,36/47,36.19%,YPL129W;YMR236W;YGL112C;YBR198C;YDR145W;YDR167W;YMR005W;YMR227C;YML098W;YML114C;YML015C;YCR042C;YGR274C;YPL011C;YDR392W;YER164W;YPL254W;YGL150C;YIL126W;YKR008W;YGR005C;YBR154C;YPR187W;YHR143W-A;YOR210W;YOR224C;YGL151W;YGL127C;YOR174W;YJL140W;YDL140C;YOR151C;YOL005C;YDR404C;YGL070C;YIL021W
prerank,GO:0034605,0.6706782852095726,1.2720632457387833,0.034102306920762285,0.043252175154589595,0.939,14/19,31.63%,YNL330C;YPL139C;YOL004W;YAL013W;YNL097C;YMR263W;YIL084C;YNL236W;YOR174W;YGL025C;YER022W;YOL051W;YGR104C;YNL025C
prerank,GO:0003899,0.646113720738252,1.270162065009837,0.009,0.04371609080020382,0.947,29/31,36.19%,YBR154C;YPR187W;YHR143W-A;YOR210W;YOR224C;YNL113W;YPR110C;YJL011C;YPR190C;YDR045C;YKR025W;YOR207C;YDL150W;YNR003C;YKL144C;YOR116C;YNL151C;YJL148W;YDR156W;YNL248C;YPR010C;YOR340C;YJR063W;YOR341W;YDL140C;YOR151C;YOL005C;YGL070C;YIL021W
prerank,GO:0006397,0.6187442128059354,1.2696776773865346,0.0,0.0433130572220429,0.948,51/103,22.42%,YLR147C;YGR074W;YFL017W-A;YER029C;YOR159C;YLR275W;YPR182W;YEL026W;YER172C;YHR165C;YPR082C;YKL173W;YER112W;YNL147W;YJR022W;YBL026W;YER146W;YDR378C;YLR438C-A;YGR091W;YDR473C;YPR178W;YGR075C;YBR152W;YBR055C;YDL098C;YOR308C;YBR119W;YMR125W;YDR240C;YGR013W;YHR086W;YIL061C;YLR116W;YPL178W;YKL012W;YDR235W;YML046W;YKL074C;YDL087C;YOR319W;YMR288W;YJL203W;YML049C;YDL030W;YDL043C;YNL286W;YPL213W;YIR009W;YMR240C;YBL074C
prerank,GO:0006355,0.6219674536477424,1.2488014773747642,0.005,0.059156473870721295,0.98,23/53,22.97%,YPL129W;YJL081C;YHR099W;YNL107W;YPR023C;YNL059C;YOR141C;YHR090C;YNL136W;YOR244W;YOR290C;YJL176C;YBL052C;YML127W;YFR037C;YDR303C;YHR056C;YNL330C;YPL139C;YOL004W;YDR207C;YNL097C;YMR263W
prerank,GO:0006302,0.644190177028146,1.2277414921973084,0.05405405405405406,0.08160202762309735,0.997,6/20,19.14%,YOR141C;YDL002C;YOR290C;YGR056W;YLR321C;YIL126W
prerank,GO:0000502,0.6252354048964218,1.2244327897936536,0.022,0.08423026835702281,0.998,35/35,39.47%,YER021W;YIL075C;YHR200W;YHL030W;YDL007W;YPR108W;YDL147W;YDL097C;YOR117W;YHR027C;YOR261C;YOR259C;YDR427W;YFR052W;YGL048C;YFR004W;YLR421C;YDR394W;YDR363W-A;YKL145W;YFR010W;YOR362C;YGR135W;YOR157C;YFR050C;YGL011C;YML092C;YJL001W;YPR103W;YBL041W;YGR253C;YMR314W;YER094C;YER012W;YOL038W
prerank,GO:0006367,0.6255605026683507,1.2146597110380095,0.04904904904904905,0.09627341236935542,0.999,20/26,36.65%,YPL129W;YGL112C;YBR198C;YDR167W;YER148W;YMR005W;YMR227C;YML098W;YML015C;YCR042C;YGR186W;YGR005C;YBR154C;YER022W;YJL140W;YDL140C;YOR151C;YDR404C;YGL070C;YNL222W
prerank,GO:0006351,0.6184779480934518,1.2132707229804014,0.04,0.09668789743475585,0.999,25/30,36.19%,YGL150C;YBR154C;YPR187W;YHR143W-A;YOR210W;YOR224C;YNL113W;YPR110C;YPR190C;YDR045C;YKR025W;YOR207C;YKL144C;YOR116C;YNL248C;YPR010C;YOR340C;YJR063W;YOR341W;YDL140C;YOR151C;YOL005C;YDR404C;YGL070C;YIL021W
prerank,GO:0042254,0.598868713941152,1.2101861252890018,0.005,0.09924130275743646,0.999,34/60,33.55%,YLR340W;YLL045C;YHL033C;YEL026W;YJL191W;YBR189W;YOL040C;YNL302C;YBR181C;YNL096C;YGL123W;YGR214W;YOR096W;YLR048W;YPL090C;YPL081W;YCR031C;YBR154C;YPR187W;YHR143W-A;YOR210W;YOR224C;YNL113W;YPR110C;YLR197W;YDL014W;YOR310C;YJL148W;YDR156W;YNL248C;YPR010C;YOR340C;YJR063W;YOR341W
prerank,GO:0006368,0.5975329725265157,1.194405438217012,0.023,0.12254212614011076,0.999,21/48,22.33%,YPR034W;YGR275W;YMR033W;YPR023C;YER164W;YGR056W;YLR033W;YMR091C;YCR020W-B;YLR321C;YML127W;YFR037C;YIL126W;YLR357W;YDR303C;YKR008W;YHR056C;YNL330C;YGR186W;YGR005C;YMR075W
prerank,GO:0061629,0.6318206583107547,1.194189443121153,0.0907258064516129,0.12110464267405036,0.999,14/17,33.45%,YGL112C;YDR145W;YER148W;YMR005W;YBR289W;YOR290C;YPL016W;YNL236W;YDR308C;YDL005C;YGL025C;YLR071C;YOL051W;YJR063W
prerank,GO:0005643,-0.3853974121996303,-1.1833983682156795,0.25,0.30573248407643316,0.125,15/15,62.08%,YPL169C;YMR153W;YBL079W;YIL115C;YJL061W;YGL172W;YGR119C;YFR002W;YJL041W;YJR042W;YGL100W;YGL092W;YDL116W;YKL057C;YLR208W
prerank,GO:0016746,0.629413974841663,1.1831033252200962,0.1185929648241206,0.138927133274519,1.0,3/16,17.05%,YGR274C;YGR252W;YBL052C
prerank,GO:0034515,0.6165273909006495,1.1819857479788396,0.08525576730190572,0.13929298888060285,1.0,20/20,39.47%,YIL075C;YDL147W;YDL097C;YHR027C;YOR261C;YDR427W;YFR052W;YGL048C;YFR004W;YLR421C;YDR363W-A;YOR362C;YGR135W;YOR157C;YFR050C;YML092C;YJL001W;YGR253C;YMR314W;YOL038W
prerank,GO:0005739,0.569533924568701,1.1801843541223747,0.0,0.14064323162800585,1.0,67/158,29.90%,YBR081C;YER164W;YER074W;YML026C;YDR450W;YAL011W;YGR091W;YPL082C;YAL013W;YER050C;YJR101W;YBR146W;YMR158W;YBL090W;YOR158W;YGR084C;YKL155C;YNL081C;YMR188C;YDR175C;YDR347W;YDR337W;YIL093C;YBR251W;YNR037C;YNL306W;YHL004W;YPL118W;YFR049W;YGR165W;YDR041W;YPL013C;YDL045W-A;YGR215W;YGL129C;YNL137C;YJR113C;YKL003C;YML009C;YNL177C;YOR150W;YNL284C;YNL252C;YDR237W;YLR439W;YDR462W;YML025C;YKL167C;YDR322W;YBR122C;YDR116C;YNL005C;YDR405W;YKR085C;YCR046C;YBR282W;YLR312W-A;YGR076C;YGR220C;YJL063C;YKR006C;YCR071C;YMR193W;YBL038W;YHR147C;YMR024W;YGL151W
prerank,GO:0006890,-0.40092592592592596,-1.1798365122615806,0.3333333333333333,0.3134952229299363,0.1375,17/17,60.62%,YER083C;YDL100C;YLR440C;YDR498C;YNL258C;YGL098W;YGL145W;YOR075W;YFR051C;YNL287W;YGL137W;YPL010W;YDL145C;YIL076W;YER122C;YML067C;YAL042W
prerank,GO:0003729,0.5755563185611099,1.1655572353935213,0.015,0.16839792749574256,1.0,23/68,21.51%,YNL069C;YGL031C;YIL133C;YDL136W;YLR147C;YGR074W;YOR141C;YER131W;YHL015W;YHR165C;YJR123W;YCR031C;YGL189C;YJR022W;YMR125W;YDR240C;YHR086W;YLR298C;YIL061C;YLR116W;YKL074C;YDL087C;YMR288W
prerank,GO:0000785,0.5812586868824539,1.1644102346344554,0.053,0.16844795769301668,1.0,11/46,22.88%,YPL129W;YJL081C;YER164W;YOR244W;YOR290C;YNR023W;YBL052C;YIL126W;YOL004W;YHR156C;YNL097C
prerank,GO:0006364,0.5696311056568267,1.1610956997413246,0.015,0.17344107182770183,1.0,25/80,16.96%,YGL030W;YLL045C;YHL033C;YOR063W;YPL143W;YPL235W;YEL026W;YJL191W;YBR189W;YBR181C;YNL096C;YGL123W;YGR214W;YOR096W;YLR048W;YPL090C;YPL081W;YCR031C;YER112W;YNL147W;YJR022W;YBL026W;YER146W;YDR378C;YLR438C-A
prerank,GO:0005847,0.6246308184755095,1.1605949034705938,0.14042126379137412,0.1723706910944648,1.0,15/16,37.37%,YKL018W;YER133W;YLR277C;YGR156W;YDR195W;YOR179C;YNL222W;YAL043C;YNL317W;YKL059C;YLR115W;YPR107C;YDR301W;YJR093C;YKR002W
prerank,GO:0006457,-0.34444444444444444,-1.1603243917654398,0.0,0.3709254402397902,0.17083333333333334,17/17,66.18%,YGR132C;YJR045C;YGR231C;YDL100C;YDL143W;YIL142W;YDR188W;YJL111W;YJL179W;YML094W;YGR078C;YEL003W;YNL153C;YLR200W;YDR155C;YDR363W-A;YGR232W
prerank,GO:0031491,0.618939788706192,1.1420585954414217,0.1708542713567839,0.21471666655926683,1.0,3/15,18.87%,YML041C;YLR085C;YLR321C
prerank,GO:0003714,0.6012378198945469,1.1264794208446152,0.20541082164328658,0.2572116784965866,1.0,7/15,30.36%,YGR002C;YNL330C;YPL139C;YOL004W;YMR263W;YDR308C;YBR193C
prerank,GO:0051603,0.6072896767160219,1.1264281950230715,0.207035175879397,0.2541452653731852,1.0,14/15,39.47%,YOR362C;YGR135W;YOR157C;YFR050C;YGL011C;YML092C;YJL001W;YPR103W;YBL041W;YGR253C;YMR314W;YER094C;YER012W;YOL038W
prerank,GO:0006360,0.5912942542120282,1.1126316137032537,0.2072072072072072,0.29613050726886864,1.0,14/18,33.55%,YBR154C;YPR187W;YHR143W-A;YOR210W;YOR224C;YNL113W;YPR110C;YJL148W;YDR156W;YNL248C;YPR010C;YOR340C;YJR063W;YOR341W
prerank,GO:0000122,0.5568096000836219,1.111023198596239,0.115,0.29767865888271766,1.0,26/49,33.45%,YGR002C;YLR055C;YNL330C;YOL004W;YDR207C;YAL013W;YBR095C;YIL084C;YOL135C;YNL236W;YCR081W;YPR070W;YDR308C;YBR193C;YDL005C;YNR010W;YDR443C;YGL025C;YBL093C;YMR112C;YLR071C;YPR168W;YOL051W;YNL025C;YPL042C;YJR063W
prerank,GO:0031507,0.5957191513864097,1.1061229437474185,0.272452068617558,0.31083853685503227,1.0,5/15,23.25%,YOR290C;YBL052C;YIL126W;YNL330C;YIL084C
prerank,GO:0032040,0.5591303392311201,1.097297800505589,0.197,0.3399497307362464,1.0,10/32,15.59%,YEL026W;YJL191W;YBR189W;YBR181C;YNL096C;YGL123W;YOR096W;YPL090C;YPL081W;YCR031C
prerank,GO:0006897,0.5610174089968242,1.0761317233571164,0.3213213213213213,0.4241193707523794,1.0,1/19,5.93%,YFL039C
prerank,GO:0043161,0.5391395280387451,1.070447889417144,0.261,0.4449100494354437,1.0,29/42,39.47%,YIL075C;YHR200W;YDL007W;YPR108W;YOR117W;YHR027C;YOR261C;YOR259C;YFR052W;YGL048C;YFR004W;YDR394W;YDR363W-A;YKL145W;YFR010W;YOR362C;YGR135W;YOR157C;YFR050C;YGL011C;YML092C;YJL001W;YPR103W;YBL041W;YGR253C;YMR314W;YER094C;YER012W;YOL038W
prerank,GO:0006511,0.5463911547624023,1.0686844218885787,0.272,0.44821423777818953,1.0,23/34,39.47%,YER021W;YIL075C;YHR200W;YDL007W;YPR108W;YDL097C;YOR117W;YHR027C;YOR261C;YDR427W;YFR052W;YLR421C;YDR394W;YDR363W-A;YKL145W;YKL059C;YOR362C;YGR135W;YGL011C;YML092C;YGR253C;YMR314W;YOL038W
prerank,GO:0045893,0.5603674502130582,1.0558611439816334,0.3637274549098196,0.5045574981058689,1.0,14/17,43.57%,YDR448W;YPL254W;YDR176W;YPL047W;YJL176C;YFR037C;YPL181W;YNL236W;YPL138C;YLR208W;YKL057C;YDL116W;YGL092W;YJR042W
prerank,GO:0000131,-0.4098057354301573,-1.0535077288941737,0.5,0.8200636942675158,0.3875,16/16,59.71%,YOR353C;YMR192W;YPL249C;YBR109C;YER149C;YLL021W;YHR102W;YBR102C;YDR166C;YJL085W;YER008C;YPR055W;YGL233W;YBR079C;YAR014C;YNL233W
prerank,GO:0004674,-0.32070240295748614,-1.0519705500216545,0.2857142857142857,0.7919879316124706,0.39166666666666666,15/15,68.46%,YPL153C;YHR102W;YPR161C;YJL164C;YKL139W;YPL203W;YPL031C;YBR160W;YGR262C;YDR477W;YBR097W;YDL108W;YOR061W;YIL035C;YPL042C
prerank,GO:0051321,0.5415337384072061,1.0463860065539845,0.352,0.5458660260600195,1.0,9/26,32.91%,YHR090C;YIL126W;YNL330C;YPL139C;YOL004W;YDR207C;YNL025C;YPL042C;YER133W
prerank,GO:0008270,0.5118176163608493,1.0459798578267285,0.257,0.541609580551123,1.0,47/102,38.01%,YJR094W-A;YHR141C;YGR274C;YDR448W;YMR223W;YGL066W;YPL047W;YHR090C;YOR244W;YPL016W;YER131W;YGL189C;YPR031W;YBL052C;YML041C;YDL098C;YFR037C;YDR303C;YHR056C;YNL330C;YLR298C;YLR116W;YDL087C;YDL030W;YDL043C;YMR075W;YDR207C;YNL097C;YPL181W;YHR143W-A;YOR210W;YDR045C;YOR207C;YOR116C;YPR010C;YJR063W;YOR341W;YFR004W;YDL140C;YOR151C;YGL070C;YIL021W;YLR277C;YKL059C;YPR107C;YPL138C;YHR119W
prerank,GO:0005730,0.5096519026129263,1.0395270819080176,0.301,0.5685901886024147,1.0,51/89,42.11%,YHL001W;YNL069C;YPL198W;YIL133C;YEL026W;YJL191W;YBR189W;YBR181C;YNL096C;YGL123W;YOR096W;YPL090C;YPL081W;YCR031C;YDR064W;YER112W;YNL147W;YJR022W;YBL026W;YER146W;YDR378C;YLR438C-A;YHR143W-A;YOR210W;YNL113W;YPR110C;YLR197W;YDL014W;YOR310C;YDR045C;YER133W;YJL148W;YDR156W;YNL248C;YPR010C;YOR340C;YJR063W;YOR341W;YGL070C;YCR035C;YOR001W;YOL142W;YOL021C;YNL232W;YHR081W;YGR158C;YDL111C;YDR280W;YGR095C;YGR195W;YHR069C
prerank,GO:0000932,0.5359190654097056,1.0350291975068877,0.4004004004004004,0.5851040147813409,1.0,11/20,42.94%,YER112W;YBL026W;YDR378C;YLR438C-A;YJL140W;YDR404C;YAL021C;YPR072W;YNR052C;YCR093W;YNL288W
prerank,GO:0016301,-0.3215940685820204,-1.0205882352941178,0.4,0.9028662420382166,0.4666666666666667,18/18,68.46%,YGR240C;YPL153C;YMR205C;YHR102W;YPR161C;YJL164C;YKL139W;YPL203W;YPL031C;YBR160W;YGR262C;YDR477W;YLR240W;YBR097W;YDL108W;YOR061W;YIL035C;YPL042C
prerank,GO:0016779,0.5373688029106976,1.0133061439971978,0.4759036144578313,0.6921799970228896,1.0,9/17,37.37%,YOR207C;YOR116C;YNL151C;YNL248C;YPR010C;YOR341W;YDL140C;YOR151C;YKR002W
prerank,GO:0000724,0.5359141778938633,1.0121628906344506,0.48088531187122735,0.6907892826568474,1.0,3/17,19.23%,YER164W;YBR289W;YLR357W
prerank,GO:0004672,-0.3212962962962963,-1.010924981791697,0.5,0.9008189262966333,0.4791666666666667,17/17,68.46%,YPL153C;YKL025C;YHR102W;YPR161C;YJL164C;YKL139W;YPL203W;YPL031C;YBR160W;YGR262C;YDR477W;YLR240W;YBR097W;YDL108W;YOR061W;YIL035C;YPL042C
prerank,GO:0005768,-0.532015065913371,-1.0,1.0,0.5452850706851018,0.5041666666666667,35/35,48.59%,YLR417W;YDR141C;YDR425W;YJL036W;YNL084C;YIR006C;YNR006W;YNL297C;YPL002C;YHL002W;YJL029C;YDR027C;YDR484W;YGR206W;YLR119W;YPL065W;YDR202C;YCL008C;YLR360W;YOR132W;YJL053W;YJL154C;YHR012W;YHL019C;YOR069W;YLR170C;YPL120W;YLR240W;YBR097W;YAL002W;YDR080W;YPL045W;YLR148W;YMR231W;YNL287W
prerank,GO:0051301,-0.23921573593543405,-1.0,1.0,0.5452850706851018,0.5041666666666667,61/63,59.53%,YAL047C;YDR137W;YJL030W;YOR353C;YMR153W;YER147C;YGL086W;YLR002C;YJL076W;YDL155W;YPL256C;YOL115W;YJR135C;YJL164C;YDL003W;YLR381W;YPR046W;YJL074C;YBR160W;YFL008W;YAL024C;YIR010W;YPL018W;YGR179C;YBL097W;YER018C;YIL144W;YMR117C;YDR054C;YDL132W;YJR112W;YFR031C;YDR325W;YDR318W;YOL069W;YBR211C;YAL034W-A;YPL233W;YLR272C;YDL047W;YDL108W;YKR037C;YGR113W;YDR201W;YGL061C;YOR217W;YKL052C;YDR016C;YKR083C;YGL240W;YIR025W;YHR166C;YBL084C;YOR249C;YKL022C;YLR127C;YLR102C;YNL172W;YDR118W;YKL193C;YAR014C
prerank,GO:0005774,-0.388268156424581,-1.0,1.0,0.5452850706851018,0.5041666666666667,23/23,62.08%,YLR386W;YNL325C;YNR006W;YHL002W;YDR422C;YBR128C;YDR477W;YPL120W;YDL077C;YLR148W;YMR231W;YOR270C;YOR332W;YBR127C;YGR020C;YLR447C;YKL080W;YDL185W;YEL051W;YHR039C-A;YPR036W;YGL100W;YLR208W
prerank,GO:0005789,-0.39339622641509436,-1.0,1.0,0.5452850706851018,0.5041666666666667,37/37,62.08%,YKL119C;YDR292C;YJL005W;YER083C;YMR296C;YKL154W;YDL126C;YBR170C;YJL002C;YEL002C;YMR149W;YGL022W;YOR254C;YPL094C;YBR171W;YEL036C;YPL050C;YDR245W;YLR440C;YDR498C;YNL258C;YGL098W;YGL145W;YPL210C;YOR075W;YML067C;YAR002C-A;YIL109C;YAL007C;YML012W;YPR181C;YDL195W;YPL085W;YGL200C;YAL042W;YER012W;YLR208W
prerank,GO:0030674,-0.3076923076923077,-1.0,1.0,0.5452850706851018,0.5041666666666667,18/18,69.83%,YLR386W;YGL153W;YDR369C;YNL084C;YIR006C;YEL037C;YIL022W;YPL046C;YDL175C;YDL132W;YPL120W;YLR148W;YMR231W;YIL062C;YGL223C;YJR093C;YHR027C;YBR193C
prerank,GO:0015031,-0.4285714285714286,-1.0,1.0,0.5452850706851018,0.5041666666666667,124/124,62.08%,YKL143W;YLR417W;YLR386W;YHR193C;YDR141C;YGL153W;YDR425W;YJL036W;YMR153W;YMR192W;YBL079W;YPL249C;YNL246W;YNL297C;YNL214W;YIL022W;YPL037C;YPL002C;YHL002W;YJL029C;YDR027C;YJR005W;YDL126C;YBR170C;YOL062C;YDR484W;YBL037W;YIL115C;YJL024C;YGR261C;YGR206W;YLR119W;YPL065W;YOR254C;YDR202C;YJR033C;YBR288C;YPL094C;YBR171W;YPL195W;YLR292C;YCL008C;YJL061W;YBR128C;YLR360W;YGL172W;YGR119C;YFR002W;YOR299W;YOR132W;YMR237W;YJL053W;YJL154C;YHR012W;YHL019C;YOR069W;YLR170C;YKL135C;YLR330W;YKR027W;YPL120W;YPR029C;YLR240W;YPL259C;YBR097W;YJL099W;YJL041W;YGR200C;YLR440C;YLR384C;YDR498C;YNL258C;YGL098W;YGL145W;YAL002W;YBR105C;YOR075W;YDL077C;YDR080W;YPL045W;YLR148W;YDR155C;YLR396C;YMR231W;YDR238C;YFR051C;YNL287W;YBR102C;YGL137W;YPL010W;YDL145C;YDR166C;YLR166C;YJL085W;YIL076W;YNL041C;YNL051W;YGL223C;YER008C;YER122C;YER157W;YIL068C;YPR105C;YPR055W;YGL005C;YML071C;YGL233W;YGR120C;YML067C;YJR042W;YGL100W;YGL092W;YDL116W;YKL057C;YAR002C-A;YIL109C;YAL007C;YML012W;YPR181C;YDL195W;YPL085W;YGL200C;YAL042W;YLR208W
prerank,GO:0016567,-0.37757009345794396,-1.0,1.0,0.5452850706851018,0.5041666666666667,27/27,63.26%,YDL013W;YDR092W;YGL058W;YCR066W;YDL074C;YJL173C;YAR007C;YNL312W;YDR054C;YDL132W;YDR328C;YIL097W;YDR255C;YLL036C;YGL240W;YIR025W;YHR166C;YBL084C;YOR249C;YKL022C;YLR127C;YLR102C;YNL172W;YDR118W;YDL165W;YPR072W;YKL059C
prerank,GO:0005773,-0.38935574229691877,-1.0,1.0,0.5452850706851018,0.5041666666666667,26/26,62.08%,YLR386W;YNL325C;YDR422C;YBR128C;YPL120W;YIL017C;YBR105C;YDL077C;YDR080W;YPL045W;YLR148W;YLR396C;YMR231W;YOR270C;YOR332W;YBR127C;YGR020C;YLR447C;YKL080W;YDL185W;YEL051W;YHR039C-A;YPR036W;YGL100W;YDR028C;YLR208W
prerank,GO:0016020,-0.4426751592356688,-1.0,1.0,0.5452850706851018,0.5041666666666667,155/155,62.08%,YLR203C;YKL119C;YLR342W;YLR417W;YLR386W;YGR132C;YDR062W;YDR141C;YGL153W;YDR292C;YGL206C;YJR121W;YGR240C;YDR425W;YJL036W;YNL084C;YIR006C;YMR153W;YER017C;YNL325C;YNR006W;YDR517W;YER083C;YBL079W;YBL045C;YLL010C;YPR191W;YNL297C;YNL214W;YMR089C;YBL099W;YIL022W;YKL148C;YGR231C;YGR167W;YMR296C;YPL002C;YHL002W;YDL099W;YMR205C;YKL154W;YLL041C;YLR039C;YJL029C;YDR027C;YJR005W;YBR170C;YOL062C;YDR484W;YBL037W;YIL115C;YGL208W;YJL024C;YGR261C;YGR206W;YJL002C;YLR119W;YEL002C;YMR149W;YGL022W;YPL065W;YOR254C;YDR202C;YJR033C;YDR422C;YBR288C;YPL094C;YBR171W;YPL195W;YCL008C;YJL061W;YBR128C;YLR360W;YGL172W;YGR119C;YFR002W;YJR075W;YOR299W;YOR132W;YDR477W;YMR237W;YJL154C;YEL036C;YJL183W;YPL050C;YHL019C;YOR069W;YLR170C;YKL135C;YLR330W;YKR027W;YPL120W;YPR029C;YLR240W;YPL259C;YBR097W;YJL099W;YDR245W;YJL041W;YLR440C;YDR498C;YNL258C;YGL098W;YGL145W;YAL002W;YPL210C;YBR105C;YOR075W;YDL077C;YPL045W;YLR148W;YMR231W;YDR238C;YFR051C;YNL287W;YGL137W;YPL010W;YDL145C;YIL076W;YNL041C;YNL051W;YGL223C;YER157W;YPR105C;YPR055W;YGL005C;YML071C;YGL233W;YGR120C;YML067C;YOR270C;YOR332W;YBR127C;YGR020C;YLR447C;YKL080W;YDL185W;YEL051W;YHR039C-A;YPR036W;YJR042W;YGL100W;YGL092W;YDL116W;YKL057C;YAR002C-A;YIL109C;YAL007C;YML012W;YPR181C;YDL195W;YPL085W;YGL200C;YAL042W;YLR208W
prerank,GO:0031410,-0.3897196261682243,-1.0,1.0,0.5452850706851018,0.5041666666666667,27/27,62.08%,YGL206C;YGR167W;YOL062C;YJL024C;YGR261C;YBR288C;YPL195W;YHL019C;YLR170C;YPR029C;YPL259C;YBR105C;YDR238C;YFR051C;YNL287W;YBR102C;YGL137W;YPL010W;YDL145C;YJL085W;YIL076W;YML067C;YDR108W;YIL109C;YPR181C;YDL195W;YLR208W
prerank,GO:0006260,-0.4167796177548849,-1.0,1.0,0.5452850706851018,0.5041666666666667,42/43,52.69%,YGL207W;YNL072W;YML069W;YNL273W;YLR002C;YML102W;YJL173C;YJR006W;YJR043C;YDL102W;YAR007C;YBR195C;YPR018W;YNL312W;YIR008C;YBL035C;YJL072C;YDR489W;YNL102W;YDR013W;YDR054C;YKL045W;YOL146W;YPR175W;YBR278W;YNL262W;YML065W;YNL261W;YHR118C;YPR162C;YBR060C;YLL004W;YDR121W;YOR217W;YOR144C;YCL016C;YHR191C;YMR078C;YBR087W;YJR068W;YNL290W;YOL094C
prerank,GO:0016192,-0.4021215043394407,-1.0,1.0,0.5452850706851018,0.5041666666666667,60/60,62.08%,YGL206C;YDR388W;YMR192W;YNR006W;YDR517W;YER083C;YPL249C;YGR167W;YHL002W;YDL099W;YDL100C;YJR005W;YOL062C;YBL037W;YAL024C;YJL024C;YGR261C;YBR288C;YPL195W;YHL019C;YLR170C;YKL135C;YPR029C;YPL259C;YLR440C;YDR498C;YNL258C;YGL098W;YGL145W;YAL002W;YOR075W;YDL077C;YDR080W;YLR148W;YLR396C;YMR231W;YDR238C;YFR051C;YNL287W;YGL137W;YPL010W;YDL145C;YIL076W;YML067C;YKR068C;YOR115C;YBR254C;YDR472W;YDR246W;YML077W;YAR002C-A;YIL109C;YAL007C;YML012W;YPR181C;YDL195W;YPL085W;YGL200C;YAL042W;YLR208W
prerank,GO:0005794,-0.4203883495145631,-1.0,1.0,0.5452850706851018,0.5041666666666667,67/67,60.62%,YDR141C;YDR137W;YDR517W;YER083C;YNL297C;YDL099W;YDL100C;YLR039C;YJL029C;YDR027C;YDR484W;YJL024C;YGR261C;YBR288C;YPL195W;YLR360W;YJR075W;YOR299W;YMR237W;YEL036C;YJL183W;YPL050C;YHL019C;YOR069W;YLR170C;YLR330W;YKR027W;YPR029C;YLR240W;YBR097W;YJL099W;YDR245W;YAL002W;YDR238C;YFR051C;YNL287W;YGL137W;YPL010W;YDL145C;YIL076W;YNL041C;YNL051W;YGL223C;YER122C;YER157W;YPR105C;YGL005C;YML071C;YGR120C;YML067C;YDR108W;YMR218C;YKR068C;YOR115C;YBR254C;YDR472W;YGR166W;YDR407C;YDR246W;YML077W;YAR002C-A;YIL109C;YAL007C;YML012W;YPR181C;YGL200C;YAL042W
prerank,GO:0043332,-0.4074766355140187,-1.0,1.0,0.5452850706851018,0.5041666666666667,27/27,60.35%,YOR353C;YNL138W;YDR388W;YNL084C;YIR006C;YPL249C;YBR109C;YER149C;YLL021W;YCR009C;YHR102W;YGR238C;YDL126C;YHR158C;YGL190C;YAL016W;YLR330W;YBR102C;YDR166C;YLR166C;YJL085W;YER008C;YIL068C;YPR055W;YGL233W;YNR052C;YDL195W
prerank,GO:0005694,-0.19887559585841452,-1.0,1.0,0.5452850706851018,0.5041666666666667,66/67,68.09%,YDL013W;YDR180W;YGR063C;YGL207W;YML010W;YDR369C;YMR106C;YML069W;YOL034W;YMR284W;YMR224C;YJR135C;YGL213C;YDL003W;YLR381W;YPR046W;YJL074C;YFL008W;YIR010W;YPL018W;YGR179C;YGR262C;YBL097W;YBL008W;YER018C;YIL144W;YOR038C;YJL184W;YMR117C;YML036W;YJR140C;YJR112W;YFR031C;YDR325W;YDR318W;YOL069W;YBR211C;YBR215W;YAL034W-A;YPL233W;YLR272C;YDR328C;YOL012C;YPR175W;YKR037C;YGR113W;YDR201W;YGL061C;YKL052C;YDR016C;YKR083C;YOR144C;YNL030W;YNL031C;YBL003C;YBR009C;YDR225W;YBR010W;YBL002W;YDR224C;YHR166C;YHR119W;YLR015W;YBR175W;YAR003W;YKL018W
prerank,GO:0000776,-0.3373945641986879,-1.0,1.0,0.5452850706851018,0.5041666666666667,30/30,67.27%,YDL013W;YJL030W;YGR063C;YGL086W;YJR135C;YLR381W;YPR046W;YOR014W;YIR010W;YPL018W;YGR179C;YER018C;YIL144W;YMR117C;YJR112W;YDR318W;YOL069W;YBR211C;YAL034W-A;YPL233W;YDR328C;YKR037C;YGR113W;YDR201W;YGL061C;YKL052C;YDR016C;YKR083C;YHR166C;YER133W
prerank,GO:0005783,-0.3617224880382775,-1.0,1.0,0.5452850706851018,0.5041666666666667,52/52,65.63%,YKL119C;YDR062W;YDR292C;YDR221W;YER083C;YBR229C;YMR296C;YDL100C;YKL154W;YDL126C;YKR022C;YBR160W;YBR170C;YJL002C;YEL002C;YMR149W;YGL022W;YOR254C;YPL094C;YBR171W;YLR292C;YEL036C;YJL183W;YPL050C;YDR245W;YLR440C;YDR498C;YNL258C;YGL098W;YGL145W;YPR088C;YPL210C;YOR075W;YNL287W;YML067C;YKR068C;YOR115C;YBR254C;YDR472W;YDR246W;YML077W;YAR002C-A;YIL109C;YAL007C;YML012W;YPR181C;YDL195W;YPL085W;YGL200C;YAL042W;YLR208W;YHR027C
prerank,GO:0006886,-0.4113744075829384,-1.0,1.0,0.5452850706851018,0.5041666666666667,42/42,60.53%,YGL206C;YNR006W;YGR167W;YPL002C;YHL002W;YLR039C;YJR005W;YOL062C;YBL037W;YJL024C;YGR261C;YBR288C;YPL195W;YOR132W;YJL053W;YJL154C;YHR012W;YHL019C;YLR170C;YKL135C;YPR029C;YPL259C;YAL002W;YDL077C;YDR080W;YPL045W;YLR148W;YLR396C;YMR231W;YDR238C;YNL287W;YGL137W;YPL010W;YDL145C;YER157W;YGL233W;YAR002C-A;YIL109C;YAL007C;YML012W;YPR181C;YGL200C
prerank,GO:0005935,-0.33644859813084116,-1.0,1.0,0.5452850706851018,0.5041666666666667,27/27,67.27%,YLR342W;YIR006C;YMR192W;YPL249C;YBR109C;YER149C;YLL021W;YGR238C;YJR005W;YHR158C;YBR160W;YBL037W;YGL190C;YOR014W;YAL016W;YDR477W;YBR102C;YDR166C;YLR166C;YJL085W;YER008C;YIL068C;YPR055W;YGL233W;YAR014C;YNL233W;YER133W
prerank,GO:0000329,-0.4123711340206186,-1.0,1.0,0.5452850706851018,0.5041666666666667,30/30,59.98%,YLR386W;YDR092W;YNL325C;YGL087C;YGL190C;YBR128C;YLR360W;YJL053W;YJL154C;YPL120W;YLR240W;YPR080W;YBR097W;YDL077C;YDR080W;YPL045W;YLR148W;YLR396C;YMR231W;YOR270C;YOR332W;YBR127C;YGR020C;YLR447C;YKL080W;YDL185W;YEL051W;YHR039C-A;YPR036W;YIL109C
prerank,GO:0008033,0.5054640158538528,0.9964747369651206,0.521,0.7657551721946493,1.0,7/35,16.96%,YER112W;YNL147W;YJR022W;YBL026W;YER146W;YDR378C;YLR438C-A
prerank,GO:0006383,0.5319378111238502,0.9932886615683609,0.5216515609264853,0.7735062535804185,1.0,9/16,32.82%,YBR154C;YPR187W;YHR143W-A;YOR224C;YNL113W;YPR110C;YDL150W;YNR003C;YNL151C
prerank,GO:0000723,0.5254834601210936,0.984963980510842,0.5460921843687375,0.8067336177671341,1.0,7/16,38.01%,YLR052W;YKL018W;YER133W;YAR003W;YBR175W;YLR015W;YHR119W
prerank,GO:0003697,-0.3258845437616387,-0.9803921568627452,0.5,0.5834849863512284,0.5958333333333333,23/23,68.19%,YMR153W;YML095C;YOL034W;YGL058W;YER162C;YCR066W;YPL022W;YKR062W;YKL028W;YNL082W;YAR007C;YNL312W;YIR008C;YNL102W;YKL045W;YPR175W;YBR278W;YOR304W;YNL262W;YDR121W;YDR404C;YJL140W;YPR190C
prerank,GO:0046872,0.4739442254245323,0.9750072326570529,0.655,0.8471262020969914,1.0,44/124,38.20%,YJR094W-A;YDR448W;YMR223W;YPL047W;YHR090C;YPL016W;YPR031W;YBL052C;YML041C;YDL098C;YFR037C;YDR303C;YHR056C;YLR298C;YLR116W;YDL030W;YDL043C;YMR075W;YDR207C;YNL097C;YPL181W;YHR143W-A;YOR210W;YJR101W;YKL155C;YPL042C;YDR045C;YOR207C;YOR116C;YER133W;YPR010C;YJR063W;YOR341W;YFR004W;YDL140C;YOR151C;YGL070C;YIL021W;YLR277C;YKL059C;YPR107C;YKR002W;YPL138C;YAL021C
prerank,GO:0003676,0.4769853777237249,0.9608954016401557,0.677,0.9029901646296844,1.0,38/58,48.59%,YER172C;YML026C;YDR450W;YBR119W;YHR086W;YLR298C;YIL061C;YLR116W;YPL178W;YKL074C;YOR319W;YML049C;YDL030W;YDL043C;YNL286W;YIR009W;YNL081C;YMR268C;YDR045C;YJR063W;YOR151C;YDR404C;YGL070C;YGR156W;YKL059C;YDR301W;YDR138W;YOR001W;YOL021C;YOR361C;YNR052C;YJR007W;YDR429C;YNL139C;YGR030C;YML062C;YHR167W;YBR167C
prerank,GO:0006396,0.4951188468178974,0.9509419331771409,0.649,0.9357113781478665,1.0,9/22,28.99%,YLR147C;YGR074W;YER112W;YBR055C;YDR235W;YML046W;YJL203W;YLR312W-A;YMR024W
prerank,GO:0071035,0.5064578105899236,0.9449800025386083,0.6603206412825652,0.9502409759246686,1.0,11/16,42.11%,YCR035C;YOR001W;YOL142W;YOL021C;YNL232W;YHR081W;YGR158C;YDL111C;YDR280W;YGR095C;YHR069C
prerank,GO:0006891,0.4902687673772017,0.9363604102704778,0.686,0.9734581436505906,1.0,18/18,51.78%,YDR407C;YGR166W;YKR068C;YMR218C;YGR120C;YML071C;YGL005C;YPR105C;YER157W;YGL223C;YNL051W;YNL041C;YIL076W;YDL145C;YPL010W;YGL137W;YNL287W;YDR238C
prerank,GO:0003677,0.44209175593080446,0.9122752898132791,0.907,1.0,1.0,41/125,36.19%,YPL129W;YDR145W;YER148W;YMR005W;YER164W;YDL002C;YGL150C;YOR290C;YJL176C;YPL016W;YDR334W;YML127W;YFR037C;YIL126W;YDR303C;YHR056C;YGR186W;YGR005C;YPL082C;YDR207C;YBR154C;YPR187W;YHR143W-A;YOR210W;YOR224C;YNL113W;YPR110C;YBR193C;YPR190C;YOR207C;YDL150W;YKL144C;YOR116C;YNL151C;YNL248C;YPR010C;YOR341W;YDL140C;YOR151C;YOL005C;YIL021W
prerank,GO:0032968,0.4640313466604842,0.9048418219374116,0.796,1.0,1.0,17/30,43.12%,YGR252W;YOR244W;YCR052W;YGR186W;YOR259C;YGL048C;YAL021C;YOR123C;YBR279W;YLR418C;YGL244W;YPR072W;YNR052C;YCR093W;YNL288W;YGR134W;YDL165W
prerank,GO:0016887,0.4497323882946849,0.9044396367571573,0.849,1.0,1.0,15/57,35.46%,YFL039C;YPL235W;YDR190C;YER164W;YGL150C;YER172C;YDR334W;YIL126W;YPL082C;YDL007W;YOR117W;YOR259C;YGL048C;YDR394W;YKL145W
prerank,GO:0005515,0.4646419652752053,0.8962838002032053,0.798,1.0,1.0,12/27,45.21%,YGR002C;YNL107W;YGL123W;YHR156C;YPL082C;YDL147W;YOR261C;YNL233W;YPR072W;YPR041W;YKL022C;YER025W
prerank,GO:0031509,0.4497287987287684,0.8842460032571073,0.84,1.0,1.0,14/32,43.39%,YNL107W;YDR448W;YLR052W;YGL150C;YBL052C;YDR469W;YAR003W;YBR175W;YLR015W;YPL138C;YHR119W;YKL057C;YDL116W;YGL092W
prerank,GO:1902600,0.47311515686700234,0.8835254517510841,0.7869346733668342,1.0,1.0,10/16,46.67%,YPR036W;YHR039C-A;YEL051W;YDL185W;YKL080W;YLR447C;YGR020C;YBR127C;YOR332W;YOR270C
prerank,GO:0006310,-0.30462962962962964,-0.8761651131824234,1.0,0.8432084135683603,0.8291666666666667,17/17,70.10%,YDR288W;YMR106C;YML095C;YOL034W;YPL022W;YMR284W;YCR092C;YOL090W;YJL173C;YAR007C;YNL312W;YML036W;YHR167W;YML062C;YNL139C;YDR138W;YGL127C
prerank,GO:0005198,0.45819166111527526,0.8731675469863205,0.824,1.0,1.0,11/22,39.84%,YMR033W;YBR081C;YGL066W;YDR334W;YCR052W;YNR010W;YPR108W;YDL097C;YDR427W;YLR208W;YDL195W
prerank,GO:0006406,0.45727564405158727,0.8656216357971733,0.8278278278278278,1.0,1.0,11/18,48.50%,YGL066W;YMR125W;YDR363W-A;YDR138W;YKL057C;YDL116W;YGL092W;YJR042W;YNL139C;YML062C;YHR167W
prerank,GO:0006413,0.44024967311239904,0.8488104603388826,0.855,1.0,1.0,14/23,47.13%,YGL031C;YMR143W;YDL083C;YMR146C;YMR309C;YOR361C;YPR041W;YPL237W;YJR007W;YER025W;YNL244C;YBR079C;YLR192C;YDR429C
prerank,GO:0031124,0.4379365704267122,0.834971593059854,0.8858858858858859,1.0,1.0,11/21,42.57%,YKL018W;YGR156W;YDR195W;YNL222W;YNL317W;YKR002W;YDR138W;YBR279W;YLR418C;YGL244W;YOL145C
prerank,GO:0006888,0.4245327444808038,0.8309538221287077,0.913,1.0,1.0,25/33,51.78%,YAL042W;YGL200C;YDL195W;YPR181C;YML012W;YAL007C;YIL109C;YAR002C-A;YML077W;YDR246W;YDR472W;YBR254C;YOR115C;YKR068C;YDR108W;YML067C;YGR120C;YER157W;YER122C;YIL076W;YDL145C;YGL137W;YNL287W;YFR051C;YDR238C
prerank,GO:0010494,0.4225889705965413,0.8246898076162392,0.909,1.0,1.0,13/27,47.13%,YGR214W;YLR287C-A;YDL140C;YOR151C;YMR146C;YMR309C;YOR361C;YJR007W;YBR127C;YMR012W;YBR079C;YLR192C;YDR429C
prerank,GO:0005654,0.41309629579212304,0.8042785468482262,0.924,1.0,1.0,12/28,42.57%,YPL235W;YAL013W;YIL084C;YOR224C;YNR003C;YIL021W;YCR035C;YOR123C;YBR279W;YLR418C;YGL244W;YOL145C
prerank,GO:0016787,0.3924361352391503,0.8001641241881853,0.994,1.0,1.0,34/82,48.68%,YFL039C;YPL235W;YDR190C;YMR223W;YER164W;YGL150C;YOR290C;YER172C;YDR334W;YIL126W;YNL330C;YPL082C;YER133W;YFR004W;YFR010W;YLR277C;YNL222W;YAL021C;YOR157C;YJL001W;YPR103W;YOR001W;YOL021C;YNR052C;YGL092W;YDL185W;YER025W;YNL221C;YHR062C;YBL018C;YDR478W;YGR030C;YBR167C;YAL033W
prerank,GO:0043130,0.4202042581564023,0.7742710554754729,0.9045226130653267,1.0,1.0,1/15,6.29%,YBR198C
prerank,GO:0007059,0.39271568332609075,0.7685199807578795,0.971,1.0,1.0,4/32,19.23%,YGR275W;YLR321C;YIL126W;YLR357W
prerank,GO:0006261,0.4036759867216226,0.7655102111536366,0.941,1.0,1.0,2/21,11.76%,YOR290C;YPL016W
prerank,GO:0005524,0.3715823596216825,0.7632988921211868,0.998,1.0,1.0,20/104,35.46%,YJL081C;YFL039C;YPL235W;YDR190C;YER164W;YOR141C;YGL150C;YOR290C;YER172C;YDR334W;YIL126W;YPL082C;YGL129C;YPL042C;YDL007W;YOR117W;YOR259C;YGL048C;YDR394W;YKL145W
prerank,GO:0005829,0.36287563843421705,0.7553311150503554,1.0,1.0,1.0,35/218,23.25%,YER117W;YGL112C;YLR147C;YGR074W;YLR275W;YGR274C;YGR252W;YDR392W;YGL066W;YFL013C;YHR090C;YEL018W;YBR289W;YFL049W;YDR073W;YHL025W;YJL176C;YNR023W;YDR447C;YMR116C;YML026C;YLR441C;YKL173W;YML024W;YML063W;YLR287C-A;YDR450W;YDR334W;YBR231C;YBR152W;YHR086W;YLR116W;YDL087C;YBR095C;YIL084C
prerank,GO:0051726,0.4033184159585522,0.7535931830094299,0.9237713139418254,1.0,1.0,12/15,57.61%,YOR244W;YPL042C;YER133W;YDR363W-A;YCR093W;YDL165W;YOR039W;YIL035C;YOR061W;YGL019W;YDL108W;YDL216C
prerank,GO:0004518,0.40112890500180315,0.7456882929393116,0.9284274193548387,1.0,1.0,7/15,48.04%,YLR277C;YAL021C;YOR001W;YOL021C;YNR052C;YDL185W;YDR478W
prerank,GO:0051028,0.38497918883316634,0.7373908011280809,0.9589178356713427,1.0,1.0,8/21,43.57%,YMR125W;YPL178W;YLR208W;YKL057C;YDL116W;YGL092W;YGL100W;YJR042W
prerank,GO:0003674,0.35254269502260527,0.7331427101355962,1.0,1.0,1.0,60/165,43.12%,YFL017W-A;YER029C;YLR275W;YPR034W;YLR052W;YFL013C;YEL018W;YDR359C;YNL136W;YFL049W;YDR073W;YPR082C;YLR385C;YAL011W;YBR231C;YGR091W;YDR473C;YPR178W;YGR075C;YBR152W;YBR055C;YOR308C;YLR033W;YMR091C;YPL213W;YMR240C;YBL074C;YAL013W;YDL076C;YBR253W;YGL151W;YPR070W;YPR168W;YER021W;YFR052W;YDR363W-A;YGR135W;YFR050C;YGL011C;YML092C;YBL041W;YGR253C;YMR314W;YOL038W;YAL042W;YGL200C;YML012W;YAL007C;YAR002C-A;YCR035C;YNL232W;YGR158C;YDL111C;YDR280W;YGR095C;YGR195W;YHR069C;YNL288W;YGR134W;YDL165W
prerank,GO:0000781,0.36386684515735934,0.7300712617333162,0.996,1.0,1.0,16/48,43.39%,YNL107W;YDR448W;YLR052W;YGL150C;YBL052C;YKL018W;YDR469W;YBR258C;YAR003W;YBR175W;YLR015W;YPL138C;YDR138W;YKL057C;YDL116W;YGL092W
prerank,GO:0000278,-0.22920517560073936,-0.7209302325581396,1.0,1.0,0.9916666666666667,15/15,77.48%,YDR159W;YNL126W;YHR172W;YLR212C;YPL031C;YBR160W;YDL134C;YAL034W-A;YLR272C;YDR328C;YNL262W;YGL061C;YOR217W;YKR083C;YDR207C
prerank,GO:0000166,0.3438084653859788,0.7081508941851038,1.0,1.0,1.0,23/120,35.64%,YFL039C;YPL235W;YDR190C;YER164W;YOR141C;YGL150C;YOR290C;YER172C;YKL173W;YDR334W;YIL126W;YGR005C;YPL082C;YGL129C;YPL042C;YJL011C;YDL007W;YOR117W;YOR259C;YGL048C;YDR394W;YKL145W;YJL140W
prerank,GO:0030234,0.37429776288057676,0.7080113195456497,0.9557344064386318,1.0,1.0,6/16,46.76%,YNL059C;YER021W;YIL075C;YHR027C;YHR081W;YGL240W
prerank,GO:0005856,0.3572399102566238,0.700417849480859,0.992,1.0,1.0,2/32,10.21%,YFL039C;YOR141C
prerank,GO:0006289,0.36717470699956156,0.6891854505882405,0.964824120603015,1.0,1.0,3/16,35.00%,YHL025W;YOR259C;YGL048C
prerank,GO:0006606,0.3657909827814483,0.6812657656066272,0.9686868686868687,1.0,1.0,6/15,43.57%,YGL252C;YLR208W;YKL057C;YDL116W;YGL092W;YJR042W
prerank,GO:0016740,0.3288238732807934,0.6731455811680189,1.0,1.0,1.0,16/83,38.01%,YGR274C;YGR252W;YOR244W;YBL052C;YDL014W;YPL042C;YOR207C;YOR116C;YNL151C;YNL248C;YPR010C;YOR341W;YDL140C;YOR151C;YKR002W;YHR119W
prerank,GO:0000775,0.3410338825113857,0.6660194105146622,0.993,1.0,1.0,2/34,10.48%,YGR252W;YGL150C
prerank,GO:0016236,0.32388955275085085,0.6184645843538906,0.9849548645937813,1.0,1.0,10/20,50.23%,YMR142C;YPL085W;YPR181C;YIL109C;YKR068C;YMR218C;YDR108W;YGR120C;YPR105C;YER157W
prerank,GO:0000082,-0.19962859795728877,-0.5531732418524872,1.0,1.0,1.0,20/20,80.49%,YDL155W;YDL056W;YER111C;YPL256C;YLR182W;YPL031C;YBR160W;YIL153W;YKR028W;YFR040W;YJL098W;YDL134C;YDL132W;YJR140C;YBR215W;YDR328C;YDL047W;YOL145C;YBR279W;YNL330C
prerank,GO:0030466,0.2746537540482914,0.5147737205502165,0.998997995991984,1.0,1.0,11/17,63.63%,YBL052C;YHR119W;YDL116W;YOL068C;YLL004W;YBR060C;YPR162C;YHR118C;YNL261W;YML065W;YOL012C
prerank,GO:0003824,0.25834635959335284,0.49570445593789814,1.0,1.0,1.0,1/22,19.14%,YIL126W
prerank,GO:0006623,0.2271822014665755,0.4330060748760438,0.998998998998999,0.9999053905145643,1.0,1/21,17.14%,YML041C
